group,victim,website,country,country_name,country_source,industry,industry_raw,industry_source,revenue_usd,data_volume,data_size_gb,data_categories,data_types,employee_count,description,post_date,post_month,date_source,still_listed,recycled_flag,source_id
Global Secret Group,Kjla,kjla.com,US,United States,stated,Media & Entertainment,Broadcasting,stated by site,6700000,"783 GB (501,662 Files, 42,890 Folders)",783.0,,,11–50 employees,"Country: US | Website: kjla.com | Revenue: $6.7 Million | Industry: Broadcasting | Employees: 11–50 employees | Properties:: 783 GB (501,662 Files, 42,890 Folders)",2026-09-21,2026-09,aggregator first-seen (ransomlook.io),yes,,fWprNroEmuAR7tzL
Global Secret Group,Allied Supply Co.,alliedsupply.com,US,United States,stated,Retail & Wholesale,"Wholesale, Industrial Machinery & Equipment, Manufacturing",stated by site,8000000,"25.3 GB (32,019 Files, 3,994 Folders)",25.3,,,50-100,"Country: Ohio 45402, US Website: alliedsupply.com Revenue: $8 Million Industry: Wholesale, Industrial Machinery & Equipment, Manufacturing | Employees: 50-100 | Properties: 25.3 GB (32,019 Files, 3,994 Folders)",2026-09-21,2026-09,aggregator first-seen (ransomlook.io),yes,,52XdCzy2oN8FMYPi
Global Secret Group,CO-OP URBAN BANK LTD,indialei.in,IN,India,stated,Financial Services,"Bank, Finance",stated by site,50000000,"41.3 GB (125,988 Files, 14,641 Folders)",41.3,,,25-50,"Country: India | Website: https://indialei.in/detailed-information/353561/335800GR1DJMM8YD7J14/the-gudivada-co-op-urban-bank-limited/ | Revenue: $50 Million | Industry: Bank, Finance | Employees: 25-50 | Properties: 41.3 GB (125,988 Files, 14,641 Folders)",2026-09-11,2026-09,aggregator first-seen (ransomlook.io),yes,,mEMbPCoMYCBhYvwy
Global Secret Group,Mesan USA,mesanusa.com,US,United States,stated,Manufacturing,"Industrial Machinery & Equipment, Manufacturing",stated by site,5400000,"184 GB (188,562 Files, 26,169 Folders)",184.0,,,10-20,"Country: Miami, Florida 33166, US | Website: mesanusa.com | Revenue: $5.4 Million | Industry: Industrial Machinery & Equipment, Manufacturing | Employees: 10-20 | Properties: 184 GB (188,562 Files, 26,169 Folders)",2026-09-10,2026-09,aggregator first-seen (ransomlook.io),yes,,SyR7gg8M68RCbyjA
Global Secret Group,Quality Resource Pvt,qualityresourcepvt.com,US,United States,stated,Media & Entertainment,Advertising Networks,stated by site,19000000,"60.1 GB (170,436 Files, 88,440 Folders)",60.1,,,201–500 employees,"Country: United States | Website: qualityresourcepvt.com | Revenue: $19 Million | Industry: Advertising Networks | Employees: 201–500 employees | Properties: 60.1 GB (170,436 Files, 88,440 Folders)",2026-09-02,2026-09,aggregator first-seen (ransomlook.io),yes,,8tEkAvb4TaoYSH37
Global Secret Group,R L Fine Chem Pvt. Ltd.,rlfinechem.com,IN,India,stated,Pharmaceuticals & Biotech,Pharmaceutical Manufacturing,stated by site,54300000,"18.6 GB (14,155 Files, 2,840 Folders)",18.6,,,500-1000,"Country: BANGALORE, Karnataka, India | Website: rlfinechem.com | Revenue: $54.3 Million | Industry: Pharmaceutical Manufacturing | Employees: 500-1000 | Properties: 18.6 GB (14,155 Files, 2,840 Folders)",2026-08-31,2026-08,aggregator first-seen (ransomlook.io),yes,,b6CUZMNZV4BJUiGi
Global Secret Group,"Lockheed Architectural Solutions, Inc.",lockheedsolutions.com,US,United States,stated in address/location,Manufacturing,"Manufacturing, Construction, Building Materials",stated by site,31200000,"1.3 TB (558,462 Files, 97,835 Folders)",1300.0,,,100-200,"Country: Pascoag, RI 02859, United States | Website: lockheedsolutions.com | Revenue: $31.2 Million | Industry: Manufacturing, Construction, Building Materials | Employees: 100-200 | Properties: 1.3 TB (558,462 Files, 97,835 Folders)",2026-08-25,2026-08,aggregator first-seen (ransomlook.io),yes,,GjZTZjKjC69Si2Bp
Global Secret Group,Tiseo Paving,tiseopaving.com,US,United States,stated,Construction,"Construction, Commercial & Residential Construction",stated by site,22600000,"457 GB (83,932 Files, 10,829 Folders)",457.0,,,50-100,"Country: Texas, US | Website: tiseopaving.com | Revenue: $22.6 Million | Industry: Construction, Commercial & Residential Construction | Employees: 50-100 | Properties: 457 GB (83,932 Files, 10,829 Folders)",2026-08-25,2026-08,aggregator first-seen (ransomlook.io),yes,,Rb2qPykYvPvurucj
Global Secret Group,Johnson City Honda,johnsoncityhonda.com,US,United States,stated,Automotive,Automobile Dealers,stated by site,6500000,"32.9 GB(34,277 Files, 8,896 Folders)",32.9,,,11-50,"Country: Tennessee, United States | Website: johnsoncityhonda.com | Revenue: $6,5 Million | Industry: Automobile Dealers | Employees: 11-50 | Properties: 32.9 GB(34,277 Files, 8,896 Folders)",2026-08-25,2026-08,aggregator first-seen (ransomlook.io),yes,,AUm9jjHmLf3JmpdJ
Global Secret Group,The Rubber Group,rubber-group.com,US,United States,stated,Manufacturing,"Plastics Manufacturing, Tires & Rubber, Manufacturing",stated by site,19400000,"162 GB (207,203 Files, 21,624 Folders)",162.0,,,50-100,"Country: New Hampshire,US | Website: www.rubber-group.com | Revenue: $19.4 Million | Industry: Plastics Manufacturing, Tires & Rubber, Manufacturing | Employees: 50-100 | Properties: 162 GB (207,203 Files, 21,624 Folders)",2026-08-17,2026-08,aggregator first-seen (ransomlook.io),yes,,WLZ6D95arRYitgdH
Global Secret Group,4M REALTY COMPANY,4mrealty.com,US,United States,stated,Real Estate,"Real Estate Brokerage, Real Estate Sales, Property Sales, Commercial Real Estate",stated by site,5000000,"237 GB (54,995 Files, 4,600 Folders)",237.0,,,20-50,"Country: Texas, US | Website: 4mrealty.com | Revenue: $5 Million | Industry: Real Estate Brokerage, Real Estate Sales, Property Sales, Commercial Real Estate | Employees: 20-50 | Properties: 237 GB (54,995 Files, 4,600 Folders)",2026-08-17,2026-08,aggregator first-seen (ransomlook.io),yes,,9F8LiFKdZHq377r9
Global Secret Group,Columbia University Information (Dental),columbia.edu,US,United States,stated,Education,Colleges & Universities,stated by site,6600000000,"296 GB (283,387 Files, 11,268 Folders)",296.0,,,20.000-25.000,"Country: New York, US | Website: columbia.edu | Revenue: $6.6 Billion | Industry: Colleges & Universities | Employees: 20.000-25.000 | Properties: 296 GB (283,387 Files, 11,268 Folders)",2026-08-14,2026-08,aggregator first-seen (ransomlook.io),yes,,gXW5HWHSTD9R439z
Global Secret Group,MACOFIN HELLAS S.A.,maco-fin.com,GR,Greece,stated,Real Estate,Real Estate / Asset Management / Investment Services,stated by site,10000000,"55.3 GB (48,089 Files, 7,491 Folders)",55.3,,,11–50 Employees,"Country: Greece | Website: maco-fin.com | Revenue: $10 Million | Industry: Real Estate / Asset Management / Investment Services | Employees: 11–50 Employees | Properties: 55.3 GB (48,089 Files, 7,491 Folders)",2026-08-10,2026-08,aggregator first-seen (ransomlook.io),yes,,WDmSnnYt9UZHmPEB
Global Secret Group,Cook Remodeling,cookremodeling.com,US,United States,stated,Construction,Construction Management,stated by site,5000000,"23.2 GB (47,193 Files, 8,323 Folders)",23.2,,,11-50,"Country: Arizona, United States Website: cookremodeling.com | Revenue: $5 Million | Industry: Construction Management | Employees: 11-50 Properties: 23.2 GB (47,193 Files, 8,323 Folders)",2026-08-10,2026-08,aggregator first-seen (ransomlook.io),yes,,qYAhnXZGA9AjeYzC
Global Secret Group,Coggins Insurance Agency,cogginsinsurance.com,US,United States,stated,Insurance,Insurance,stated by site,5000000,"85.9 GB (245,768 Files, 26,563 Folders)",85.9,,,1-10,"Country: Florida, United States | Website: cogginsinsurance.com | Revenue: $5 Million | Industry: Insurance | Employees: 1-10 | Properties: 85.9 GB (245,768 Files, 26,563 Folders)",2026-08-10,2026-08,aggregator first-seen (ransomlook.io),yes,,UWeEFwpBdNvP8BDy
Global Secret Group,Pavillon,pavillon.org,US,United States,stated,Healthcare,"Alcoholism Treatment, Hospitals & Clinics, Healthcare",stated by site,8500000,"646 GB (47,950 Files, 7,750 Folders)",646.0,,,100-200,"Country: Mill Spring, North Carolina, United States | Website: pavillon.org | Revenue: $8.5 Million | Industry: Alcoholism Treatment, Hospitals & Clinics, Healthcare | Employees: 100-200 | Properties: 646 GB (47,950 Files, 7,750 Folders)",2026-08-06,2026-08,aggregator first-seen (ransomlook.io),yes,,H3Ns4a8rrGYSaprb
Global Secret Group,Vernon & Waldrep,vernonwaldrep.com,US,United States,stated,Healthcare,"Physicians, Mental Health Specialists",stated by site,5000000,"274 GB (56,006 Files, 3,421 Folders)",274.0,,,21–50,"Country: Texas, United States | Website: vernonwaldrep.com | Revenue: $5 Million | Industry: Physicians, Mental Health Specialists | Employees: 21–50 | Properties: 274 GB (56,006 Files, 3,421 Folders)",2026-08-06,2026-08,aggregator first-seen (ransomlook.io),yes,,qv77xRx8Tbtgp3M6
Global Secret Group,Pro-Tuff | Decals,protuffdecals.com,US,United States,stated,Professional Services,"Business Services General, Business Services",stated by site,9600000,"412 GB (589,623 Files, 40,081 Folders)",412.0,,,10-20,"Country: Crystal Lake, US | Website: protuffdecals.com | Revenue: $9.6 million | Industry: Business Services General, Business Services | Employees: 10-20 | Properties: 412 GB (589,623 Files, 40,081 Folders)",2026-08-06,2026-08,aggregator first-seen (ransomlook.io),yes,,9enE5fGhHgNxmo3o
Global Secret Group,Spergel,spergel.ca,CA,Canada,stated,Professional Services,"Business Services,Project Management",stated by site,28200000,"5.4 TB (7,830,792 Files, 902,844 Folders)",5400.0,,,51-200,"Country: Canada | Website: spergel.ca | Revenue: $28.2 Million | Industry: Business Services,Project Management | Employees: 51-200 | Properties: 5.4 TB (7,830,792 Files, 902,844 Folders)",2026-07-27,2026-07,aggregator first-seen (ransomlook.io),yes,,aaS7xvDRLCuA8Vwj
Global Secret Group,Hinduja Tech | BMW Group & Škoda Auto,hindujatech.com,IN,India,stated,Engineering & Architecture,"Engineering Services, Architecture, Engineering & Design, Product Engineering Solutions",stated by site,381000000,"515 GB (212,785 Files, 83,982 Folders)",515.0,,,2000-5000,"Country: India | Website: hindujatech.com | Revenue: $381 Million | Industry: Engineering Services, Architecture, Engineering & Design, Product Engineering Solutions | Employees: 2000-5000 | Properties: 515 GB (212,785 Files, 83,982 Folders)",2026-07-27,2026-07,aggregator first-seen (ransomlook.io),yes,,WKQP68EfcWXih2TU
Global Secret Group,Louisiana Coalition Against | Domestic Violence,lcadv.org,US,United States,stated,Non-profit,Non-Profit & Charitable Organizations,stated by site,13300000,"241 GB (287,451 Files, 31,100 Folders)",241.0,,,201-500,"Country: US | Website: lcadv.org | Revenue: $13.3 Million | Industry: Non-Profit & Charitable Organizations | Employees: 201-500 | Properties: 241 GB (287,451 Files, 31,100 Folders)",2026-07-27,2026-07,aggregator first-seen (ransomlook.io),yes,,usMmWUEmeitKnqPz
Global Secret Group,Park Manufacturing Corp.,parkmfg.com,US,United States,stated,Manufacturing,"Appliances, Electrical, and Electronics Manufacturing",stated by site,37900000,"195 GB (411,109 Files, 48,413 Folders)",195.0,,,50-100,"Country: Cambridge, Minnesota 55008, US | Website: parkmfg.com | Revenue: $37.9 Million | Industry: Appliances, Electrical, and Electronics Manufacturing | Employees: 50-100 | Properties: 195 GB (411,109 Files, 48,413 Folders)",2026-07-27,2026-07,aggregator first-seen (ransomlook.io),yes,,Atw7oHwaVP7bzQ5e
Global Secret Group,Novum Energy,novumenergy.com,US,United States,stated,Retail & Wholesale,"Convenience Stores, Gas Stations & Liquor Stores",stated by site,966000000,"842 GB (971,325 Files, 117,085 Folders)",842.0,,,51-200,"Country: Texas, United States | Website: novumenergy.com | Revenue: $966 Million | Industry: Convenience Stores, Gas Stations & Liquor Stores | Employees: 51-200 | Properties: 842 GB (971,325 Files, 117,085 Folders)",2026-07-26,2026-07,aggregator first-seen (ransomlook.io),yes,,GBanBNFV7n43LsTc
Global Secret Group,OFS,ofs.com,US,United States,stated,Manufacturing,"Furniture,Manufacturing,Transportation",stated by site,517100000,"321 GB (322,742 Files, 18,081 Folders)",321.0,,,1K - 5K,"Country: Indiana, United States | Website: ofs.com | Revenue: $517.1 Million | Industry: Furniture,Manufacturing,Transportation | Employees: 1K - 5K | Properties: 321 GB (322,742 Files, 18,081 Folders)",2026-07-26,2026-07,aggregator first-seen (ransomlook.io),yes,,pHGEYe5Pi29svNDf
Global Secret Group,Portman Finance Group,portmanfinancegroup.co.uk,GB,United Kingdom,stated,Financial Services,Finance,stated by site,,"209 GB (255,244 Files, 34,852 Folders)",209.0,,,1000-5000 Employees,"Country: United Kingdom | Website: portmanfinancegroup.co.uk | Revenue: £300 Million | Industry: Finance | Employees: 1000-5000 Employees | Properties: 209 GB (255,244 Files, 34,852 Folders)",2026-07-26,2026-07,aggregator first-seen (ransomlook.io),yes,,qKLbtqKWqahp8CMM
Global Secret Group,Al Hayat | Pepsi,alhayatco.com,IQ,Iraq,stated,Agriculture & Food,Food & Beverage,stated by site,100000000,"138 GB (205,992 Files, 17,178 Folders)",138.0,,,"501-1,000","Country: Iraq | Website: alhayatco.com | Revenue: $100 Million | Industry: Food & Beverage | Employees: 501-1,000 | Properties: 138 GB (205,992 Files, 17,178 Folders)",2026-07-26,2026-07,aggregator first-seen (ransomlook.io),yes,,G755K6KEXMaLPYFA
Global Secret Group,Cold Front Distribution,coldfrontdist.com,US,United States,stated,Transportation & Logistics,Transportation,stated by site,120100000,"473 GB (890,775 Files, 51,621 Folders)",473.0,,,201-500 Employees,"Country: Colorado, United States | Website: coldfrontdist.com | Revenue: $120.1 Million | Industry: Transportation | Employees: 201-500 Employees | Properties: 473 GB (890,775 Files, 51,621 Folders)",2026-07-26,2026-07,aggregator first-seen (ransomlook.io),yes,,x3t5do6tevBwM6YU
Global Secret Group,Nourison | Home,nourison.com,US,United States,stated,Retail & Wholesale,"Wholesale, Furniture, Home Decor, Retail, Real Estate",stated by site,59400000,"799 GB (93,941 Files, 13,733 Folders)",799.0,,,100-300,"Country: New Jersey 07663, US | Website: nourison.com | Revenue: $59.4 Million | Industry: Wholesale, Furniture, Home Decor, Retail, Real Estate | Employees: 100-300 | Properties: 799 GB (93,941 Files, 13,733 Folders)",2026-07-26,2026-07,aggregator first-seen (ransomlook.io),yes,,UqkYzWk5mQyTgfnC
Global Secret Group,SPDM,spdm.org.br,BR,Brazil,stated,Healthcare,Hospitals & Clinics,stated by site,197000000,"847 GB (871,912 Files, 76,047 Folders)",847.0,,,10.000 - 20.000,"Country: Brazil | Website: spdm.org.br | Revenue: $197 Million | Industry: Hospitals & Clinics | Employees: 10.000 - 20.000 | Properties: 847 GB (871,912 Files, 76,047 Folders)",2026-07-26,2026-07,aggregator first-seen (ransomlook.io),yes,,73yEFuLH8LXRPguz
Global Secret Group,Sinop Energia,sinopenergia.com.br,BR,Brazil,stated,Energy & Utilities,"Electricity, Oil & Gas",stated by site,12200000,"300 GB (43,113 Files, 5,372 Folders)",300.0,,,51-200,"Country: Brazil | Website: sinopenergia.com.br | Revenue: $12.2 Million | Industry: Electricity, Oil & Gas | Employees: 51-200 | Properties:300 GB (43,113 Files, 5,372 Folders)",2026-07-26,2026-07,aggregator first-seen (ransomlook.io),yes,,MoQE4y7s38u4eqwe
Global Secret Group,West Nova Fuels & Superline Fuels,westnovasuperline.ca,CA,Canada,stated,Retail & Wholesale,"Convenience Stores, Gas Stations & Liquor Stores",stated by site,18900000,"45.8 GB (114,200 Files, 2,672 Folders)",45.8,,,51-200,"Country: Canada | Website: westnovasuperline.ca | Revenue: $18.9 Million | Industry: Convenience Stores, Gas Stations & Liquor Stores | Employees: 51-200 | Properties: 45.8 GB (114,200 Files, 2,672 Folders)",2026-07-26,2026-07,aggregator first-seen (ransomlook.io),yes,,A2uABpxhHbwPFxTL
Global Secret Group,Acens | Cloud & Backup,acens.com,ES,Spain,stated,Technology,Hosting,stated by site,46300000,129 GB,129.0,,,201-500,Country: Spain | Website: acens.com | Revenue: $46.3 Million | Industry: Hosting | Employees: 201-500,2026-07-26,2026-07,aggregator first-seen (ransomlook.io),yes,,F5Yavx7AaMytRMoB
Global Secret Group,One Plus Capital,onepluscapital.net,CY,Cyprus,stated,Financial Services,Finance,stated by site,7000000,"117 GB (285,919 Files, 32,404 Folders)",117.0,,,11-50,"Country: Cyprus | Website: onepluscapital.net | Revenue: $7 Million | Industry: Finance | Employees: 11-50 | Properties: 117 GB (285,919 Files, 32,404 Folders)",2026-07-26,2026-07,aggregator first-seen (ransomlook.io),yes,,C9cf3amytRyxmMWC
Global Secret Group,La Sevillanita,lasevillanita.com,AR,Argentina,stated,Transportation & Logistics,"Freight & Logistics Services,Transportation",stated by site,15000000,"200 GB (385,318 Files, 13,074 Folders)",200.0,,,11-50,"Country: Argentina | Website: lasevillanita.com | Revenue: $15 million | Industry: Freight & Logistics Services,Transportation | Employees: 11-50 | Properties: 200 GB (385,318 Files, 13,074 Folders)",2026-07-26,2026-07,aggregator first-seen (ransomlook.io),yes,,UeTX8xYu6spgCaoD
Global Secret Group,Chappell Supply & Equipment,chappellsupply.com,US,United States,stated,Consumer Services,"Consumer Services,Retail,Manufacturing,Repair Services",stated by site,9200000,"160 GB (268,758 Files, 30,522 Folders)",160.0,,,11-50,"Country: Oklahoma, United States | Website: chappellsupply.com | Revenue: $9.2 Million | Industry: Consumer Services,Retail,Manufacturing,Repair Services | Employees: 11-50 | Properties: 160 GB (268,758 Files, 30,522 Folders)",2026-07-26,2026-07,aggregator first-seen (ransomlook.io),yes,,dqobztBJSzUY2mwS
Global Secret Group,Middendorf Animal Hospital & Laser Centre,middendorfanimalhospital.com,US,United States,stated,Healthcare,"Healthcare Services,Veterinary Services",stated by site,5000000,"28.1 GB (34,237 Files, 8,806 Folders)",28.1,,,11-50,"Country: Kentucky, United States | Website: middendorfanimalhospital.com | Revenue: <$5 Million | Industry: Healthcare Services,Veterinary Services | Employees: 11-50 | Properties: 28.1 GB (34,237 Files, 8,806 Folders)",2026-07-26,2026-07,aggregator first-seen (ransomlook.io),yes,,AndkwbyDaHGFPo63
Global Secret Group,AnyWeather,ohrestorationservices.com,US,United States,stated,Construction,Construction,stated by site,6000000,"301 GB (33,041 Files, 4,133 Folders)",301.0,,,30 Employees,"Country: Kentucky, United States | Website: ohrestorationservices.com | Revenue: $6 Million | Industry: Construction | Employees: 30 Employees | Properties: 301 GB (33,041 Files, 4,133 Folders)",2026-07-26,2026-07,aggregator first-seen (ransomlook.io),yes,,szmiwcB8JtKjYiip
Global Secret Group,Carpets Direct,carpetsdirectfindlay.com,US,United States,stated,Retail & Wholesale,"Retail,Furniture",stated by site,5000000,"31.1 GB (1,442 Files, 788 Folders)",31.1,,,11-50,"Country: Ohio, United States | Website: carpetsdirectfindlay.com | Revenue: $5 Million | Industry: Retail,Furniture | Employees: 11-50 | Properties: 31.1 GB (1,442 Files, 788 Folders)",2026-07-26,2026-07,aggregator first-seen (ransomlook.io),yes,,QdbN4dBahA3gtszy
Global Secret Group,Baker Business & Tax Solutions,bakerbusinessandtax.com,US,United States,stated,Legal,Accounting for Legal Practices,stated by site,1000000,"213Gb (817,209 Files, 48,866 Folders)",213.0,,,1-10 Employees,"Country: Kentucky, United States | Website: bakerbusinessandtax.com | Revenue: $1 Million | Industry: Accounting for Legal Practices | Employees: 1-10 Employees | Properties: 213Gb (817,209 Files, 48,866 Folders)",2026-07-26,2026-07,aggregator first-seen (ransomlook.io),yes,,fmea5NzJUbj4jsLe
Global Secret Group,West Sixth Law,agslawyers.com,US,United States,stated,Legal,Law Firms & Legal Services,stated by site,5000000,"328 GB (708,816 Files, 47,925 Folders)",328.0,,,11-50 Employees,"Country: Columbus, Indiana, United States | Website: agslawyers.com | Revenue: $5 Million | Industry: Law Firms & Legal Services | Employees: 11-50 Employees | Properties: 328 GB (708,816 Files, 47,925 Folders)",2026-07-26,2026-07,aggregator first-seen (ransomlook.io),yes,,yCK2NGYv4xG4YcwY
Global Secret Group,Farmers Mutual Fire Insurance,farmersofmarble.com,US,United States,stated,Insurance,Insurance,stated by site,5200000,"5.72 GB (18,699 Files, 2,631 Folders)",5.72,,,11-50,"Country: Pennsylvania, United States | Website: farmersofmarble.com | Revenue: $5.2 Million | Industry: Insurance | Employees: 11-50 | Properties: 5.72 GB (18,699 Files, 2,631 Folders)",2026-07-26,2026-07,aggregator first-seen (ransomlook.io),yes,,uENzAT6a3XWLGAxA
Global Secret Group,Uniview Technologies,uniview.com,CN,China,stated,Manufacturing,"Manufacturing, Electronics",stated by site,610000000,"1.5 TB (2,172,194 Files, 114,352 Folders)",1500.0,,,1000-5000 Employees,"Country: China | Website: uniview.com | Revenue: $610 Million | Industry: Manufacturing, Electronics | Employees: 1000-5000 Employees | Properties: 1.5 TB (2,172,194 Files, 114,352 Folders)",2026-07-26,2026-07,aggregator first-seen (ransomlook.io),yes,,Me6UtJhTDNXQZ8Dy
