group,detail_href,pinned,logo,status,status_class,victim,country,country_code,revenue,description,desc_country,desc_website,desc_revenue,desc_industry,desc_employees,desc_properties,stat_files_checked,stat_data_analyzed
Global Secret Group,/project/GBanBNFV7n43LsTc/,TRUE,/media/logos/logo2.png,Fucked,fucked,Novum Energy,United States,US,$966 Million,"Country: Texas, United States |
Website: novumenergy.com |
Revenue: $966 Million |
Industry: Convenience Stores, Gas Stations & Liquor Stores |
Employees: 51-200 |
Properties: 842 GB (971,325 Files, 117,085 Folders)","Texas, United States",novumenergy.com,$966 Million,"Convenience Stores, Gas Stations & Liquor Stores",51-200  Employees,"842 GB (971,325 Files, 117,085 Folders)",1114324,842 GB
Global Secret Group,/project/aaS7xvDRLCuA8Vwj/,TRUE,/media/logos/logo_U2wJLOj.png,Fucked,fucked,Spergel,Canada,CA,$28.2 Million,"Country: Canada |
Website: spergel.ca |
Revenue: $28.2 Million |
Industry: Business Services,Project Management |
Employees: 51-200 |
Properties: 5.4 TB (7,830,792 Files, 902,844 Folders)",Canada,spergel.ca,$28.2 Million,"Business Services,Project Management",51-200  Employees,"5.4 TB (7,830,792 Files, 902,844 Folders)",7830792,5.4 TB
Global Secret Group,/project/pHGEYe5Pi29svNDf/,TRUE,/media/logos/Logo.png,Fucked,fucked,OFS,United States,US,$517.1 Million,"Country: Indiana, United States |
Website: ofs.com |
Revenue: $517.1 Million |
Industry: Furniture,Manufacturing,Transportation |
Employees: 1K - 5K |
Properties: 321 GB (322,742 Files, 18,081 Folders)","Indiana, United States",ofs.com,$517.1 Million,"Furniture,Manufacturing,Transportation",1K - 5K  Employees,"321 GB (322,742 Files, 18,081 Folders)",322742,321 GB
Global Secret Group,/project/qKLbtqKWqahp8CMM/,TRUE,/media/logos/portman_finance_group_square.png,Fucked,fucked,Portman Finance Group,United Kingdom,GB,£300 Million,"Country: United Kingdom |
Website: portmanfinancegroup.co.uk |
Revenue: £300 Million |
Industry: Finance |
Employees: 1000-5000 Employees |
Properties: 209 GB (255,244 Files, 34,852 Folders)",United Kingdom,portmanfinancegroup.co.uk,£300 Million,Finance,1000-5000 Employees,"209 GB (255,244 Files, 34,852 Folders)",255244,209 GB
Global Secret Group,/project/WKQP68EfcWXih2TU/,TRUE,/media/logos/Logo2_EWeAmG3.png,Fucked,fucked,Hinduja Tech | BMW Group & Škoda Auto,India,IN,$381 Million,"Country: India |
Website: hindujatech.com |
Revenue: $381 Million |
Industry: Engineering Services, Architecture, Engineering & Design, Product Engineering Solutions |
Employees: 2000-5000 |
Properties: 515 GB (212,785 Files, 83,982 Folders)",India,hindujatech.com,$381 Million,"Engineering Services, Architecture, Engineering & Design, Product Engineering Solutions",2000-5000  Employees,"515 GB (212,785 Files, 83,982 Folders)",212785,515 GB
Global Secret Group,/project/G755K6KEXMaLPYFA/,TRUE,/media/logos/Logo_xz4GwGe.png,Fucked,fucked,Al Hayat | Pepsi,Iraq,IQ,$100 Million,"Country: Iraq |
Website: alhayatco.com |
Revenue: $100 Million |
Industry: Food & Beverage |
Employees: 501-1,000 |
Properties: 138 GB (205,992 Files, 17,178 Folders)",Iraq,alhayatco.com,$100 Million,Food & Beverage,"501-1,000  Employees","138 GB (205,992 Files, 17,178 Folders)",205992,138 GB
Global Secret Group,/project/x3t5do6tevBwM6YU/,TRUE,/media/logos/11.png,Fucked,fucked,Cold Front Distribution,United States,US,$120.1 Million,"Country: Colorado, United States |
Website: coldfrontdist.com |
Revenue: $120.1 Million |
Industry: Transportation |
Employees: 201-500 Employees |
Properties: 473 GB (890,775 Files, 51,621 Folders)","Colorado, United States",coldfrontdist.com,$120.1 Million,Transportation,201-500 Employees,"473 GB (890,775 Files, 51,621 Folders)",890775,473 GB
Global Secret Group,/project/GjZTZjKjC69Si2Bp/,TRUE,/media/logos/Logo_Q4fVIwR.png,Fucked,fucked,"Lockheed Architectural Solutions, Inc.",United State,US,$31.2 Million,"Country: Pascoag, RI 02859, United States |
Website: lockheedsolutions.com |
Revenue: $31.2 Million |
Industry: Manufacturing, Construction, Building Materials |
Employees: 100-200 |
Properties: 1.3 TB (558,462 Files, 97,835 Folders)","Pascoag, RI 02859, United States",lockheedsolutions.com,$31.2 Million,"Manufacturing, Construction, Building Materials",100-200  Employees,"1.3 TB (558,462 Files, 97,835 Folders)",558462,1.3 TB
Global Secret Group,/project/fWprNroEmuAR7tzL/,FALSE,/media/logos/logo_1WR6Dq3.jpg,Fucked,fucked,Kjla,United States,US,$6.7 Million,"Country: US |
Website: kjla.com |
Revenue: $6.7 Million |
Industry: Broadcasting |
Employees: 11–50 employees |
Properties:: 783 GB (501,662 Files, 42,890 Folders)",US,kjla.com,$6.7 Million,Broadcasting,11-50 Employees,": 783 GB (501,662 Files, 42,890 Folders)",501662,783 GB
Global Secret Group,/project/52XdCzy2oN8FMYPi/,FALSE,/media/logos/LOGO_gvhIqv4.png,Fucked,fucked,Allied Supply Co.,United States,US,$8 Million,"Country: Ohio 45402, US 
Website: alliedsupply.com 
Revenue: $8 Million
Industry: Wholesale, Industrial Machinery & Equipment, Manufacturing |
Employees: 50-100 |
Properties: 25.3 GB (32,019 Files, 3,994 Folders)","Ohio 45402, US Website: alliedsupply.com Revenue: $8 Million Industry: Wholesale, Industrial Machinery & Equipment, Manufacturing",,,,50-100  Employees,"25.3 GB (32,019 Files, 3,994 Folders)",32019,25.3 GB
Global Secret Group,/project/mEMbPCoMYCBhYvwy/,FALSE,/media/logos/LOGO_z9Grf7A.png,Fucked,fucked,CO-OP URBAN BANK LTD,India,IN,$50 Million,"Country: India |
Website: https://indialei.in/detailed-information/353561/335800GR1DJMM8YD7J14/the-gudivada-co-op-urban-bank-limited/ |
Revenue: $50 Million |
Industry: Bank, Finance |
Employees: 25-50 |
Properties: 41.3 GB (125,988 Files, 14,641 Folders)",India,https://indialei.in/detailed-information/353561/335800GR1DJMM8YD7J14/the-gudivada-co-op-urban-bank-limited/,$50 Million,"Bank, Finance",25-50  Employees,"41.3 GB (125,988 Files, 14,641 Folders)",125988,41.3 GB
Global Secret Group,/project/SyR7gg8M68RCbyjA/,FALSE,/media/logos/LOGO_GkCSvt5.png,Fucked,fucked,Mesan USA,United States,US,$5.4 Million,"Country: Miami, Florida 33166, US |
Website: mesanusa.com |
Revenue: $5.4 Million |
Industry: Industrial Machinery & Equipment, Manufacturing |
Employees: 10-20 |
Properties: 184 GB (188,562 Files, 26,169 Folders)","Miami, Florida 33166, US",mesanusa.com,$5.4 Million,"Industrial Machinery & Equipment, Manufacturing",10-20 Employees,"184 GB (188,562 Files, 26,169 Folders)",188562,184 GB
Global Secret Group,/project/8tEkAvb4TaoYSH37/,FALSE,/media/logos/logo_RzL7GQI.jpg,Fucked,fucked,Quality Resource Pvt,United States,US,$19 Million,"Country: United States |
Website: qualityresourcepvt.com |
Revenue: $19 Million |
Industry: Advertising Networks |
Employees: 201–500 employees |
Properties: 60.1 GB (170,436 Files, 88,440 Folders)",United States,qualityresourcepvt.com,$19 Million,Advertising Networks,201-500 Employees,"60.1 GB (170,436 Files, 88,440 Folders)",170436,60.1 GB
Global Secret Group,/project/b6CUZMNZV4BJUiGi/,FALSE,/media/logos/Logo_HNBSq0P.png,Fucked,fucked,R L Fine Chem Pvt. Ltd.,India,IN,$54.3 Million,"Country: BANGALORE, Karnataka, India |
Website: rlfinechem.com |
Revenue: $54.3 Million |
Industry: Pharmaceutical Manufacturing |
Employees: 500-1000 |
Properties: 18.6 GB (14,155 Files, 2,840 Folders)","BANGALORE, Karnataka, India",rlfinechem.com,$54.3 Million,Pharmaceutical Manufacturing,500-1000  Employees,"18.6 GB (14,155 Files, 2,840 Folders)",14155,18.6 GB
Global Secret Group,/project/Rb2qPykYvPvurucj/,FALSE,/media/logos/logo2_J18E7oU.png,Fucked,fucked,Tiseo Paving,United States,US,$22.6 Million,"Country: Texas, US |
Website: tiseopaving.com |
Revenue: $22.6 Million |
Industry: Construction, Commercial & Residential Construction |
Employees: 50-100 |
Properties: 457 GB (83,932 Files, 10,829 Folders)","Texas, US",tiseopaving.com,$22.6 Million,"Construction, Commercial & Residential Construction",50-100  Employees,"457 GB (83,932 Files, 10,829 Folders)",83932,457 GB
Global Secret Group,/project/WLZ6D95arRYitgdH/,FALSE,/media/logos/logo_6ztP5pK.jpg,Fucked,fucked,The Rubber Group,United States,US,$19.4 Million,"Country: New Hampshire,US |
Website: www.rubber-group.com |
Revenue: $19.4 Million |
Industry: Plastics Manufacturing, Tires & Rubber, Manufacturing |
Employees: 50-100 |
Properties: 162 GB (207,203 Files, 21,624 Folders)","New Hampshire,US",www.rubber-group.com,$19.4 Million,"Plastics Manufacturing, Tires & Rubber, Manufacturing",50-100  Employees,"162 GB (207,203 Files, 21,624 Folders)",207203,162 GB
Global Secret Group,/project/9F8LiFKdZHq377r9/,FALSE,/media/logos/logo_8LkXzEH.png,Fucked,fucked,4M REALTY COMPANY,United States,US,$5 Million,"Country: Texas, US |
Website: 4mrealty.com |
Revenue: $5 Million |
Industry: Real Estate Brokerage, Real Estate Sales, Property Sales, Commercial Real Estate |
Employees: 20-50 |
Properties: 237 GB (54,995 Files, 4,600 Folders)","Texas, US",4mrealty.com,$5 Million,"Real Estate Brokerage, Real Estate Sales, Property Sales, Commercial Real Estate",20-50  Employees,"237 GB (54,995 Files, 4,600 Folders)",54995,237 GB
Global Secret Group,/project/gXW5HWHSTD9R439z/,FALSE,/media/logos/logo.jpg,Fucked,fucked,Columbia University Information (Dental),United States,US,$6.6 Billion,"Country: New York, US |
Website: columbia.edu |
Revenue: $6.6 Billion |
Industry: Colleges & Universities |
Employees: 20.000-25.000 |
Properties: 296 GB (283,387 Files, 11,268 Folders)","New York, US",columbia.edu,$6.6 Billion,Colleges & Universities,20000-25000  Employees,"296 GB (283,387 Files, 11,268 Folders)",283387,296 GB
Global Secret Group,/project/WDmSnnYt9UZHmPEB/,FALSE,/media/logos/logo_P1EUYUF.png,Fucked,fucked,MACOFIN HELLAS S.A.,Greece,GR,$10 Million,"Country: Greece |
Website: maco-fin.com |
Revenue: $10 Million |
Industry: Real Estate / Asset Management / Investment Services |
Employees: 11–50 Employees |
Properties: 55.3 GB (48,089 Files, 7,491 Folders)",Greece,maco-fin.com,$10 Million,Real Estate / Asset Management / Investment Services,11-50 Employees,"55.3 GB (48,089 Files, 7,491 Folders)",48089,55.3 GB
Global Secret Group,/project/qYAhnXZGA9AjeYzC/,FALSE,/media/logos/logo_dsOLBQx.png,Fucked,fucked,Cook Remodeling,United States,US,$5 Million,"Country: Arizona, United States
Website: cookremodeling.com |
Revenue: $5 Million |
Industry: Construction Management |
Employees: 11-50
Properties: 23.2 GB (47,193 Files, 8,323 Folders)","Arizona, United States Website: cookremodeling.com",,$5 Million,Construction Management,11-50 Employees,"23.2 GB (47,193 Files, 8,323 Folders)",47193,23.2 GB
Global Secret Group,/project/H3Ns4a8rrGYSaprb/,FALSE,/media/logos/logo_u21olLj.png,Fucked,fucked,Pavillon,United States,US,$8.5 Million,"Country: Mill Spring, North Carolina, United States |
Website: pavillon.org |
Revenue: $8.5 Million |
Industry: Alcoholism Treatment, Hospitals & Clinics, Healthcare |
Employees: 100-200 |
Properties: 646 GB (47,950 Files, 7,750 Folders)","Mill Spring, North Carolina, United States",pavillon.org,$8.5 Million,"Alcoholism Treatment, Hospitals & Clinics, Healthcare",100-200 Employees,"646 GB (47,950 Files, 7,750 Folders)",47950,646 GB
Global Secret Group,/project/qv77xRx8Tbtgp3M6/,FALSE,/media/logos/logo2_LDQQMz2.png,Fucked,fucked,Vernon & Waldrep,United States,US,$5 Million,"Country: Texas, United States |
Website: vernonwaldrep.com |
Revenue: $5 Million |
Industry: Physicians, Mental Health Specialists |
Employees: 21–50 |
Properties: 274 GB (56,006 Files, 3,421 Folders)","Texas, United States",vernonwaldrep.com,$5 Million,"Physicians, Mental Health Specialists",21-50 Employees,"274 GB (56,006 Files, 3,421 Folders)",56006,274 GB
Global Secret Group,/project/usMmWUEmeitKnqPz/,FALSE,/media/logos/logo_pAQynkw.png,Fucked,fucked,Louisiana Coalition Against | Domestic Violence,United States,US,$13.3 Million,"Country: US |
Website: lcadv.org |
Revenue: $13.3 Million |
Industry: Non-Profit & Charitable Organizations |
Employees: 201-500 |
Properties: 241 GB (287,451 Files, 31,100 Folders)",US,lcadv.org,$13.3 Million,Non-Profit & Charitable Organizations,201-500 Employees,"241 GB (287,451 Files, 31,100 Folders)",287451,241 GB
Global Secret Group,/project/Atw7oHwaVP7bzQ5e/,FALSE,/media/logos/Logo_T7Lxy1S.png,Fucked,fucked,Park Manufacturing Corp.,United States,US,$37.9 Million,"Country: Cambridge, Minnesota 55008, US |
Website: parkmfg.com |
Revenue: $37.9 Million |
Industry: Appliances, Electrical, and Electronics Manufacturing |
Employees: 50-100 |
Properties: 195 GB (411,109 Files, 48,413 Folders)","Cambridge, Minnesota 55008, US",parkmfg.com,$37.9 Million,"Appliances, Electrical, and Electronics Manufacturing",50-100 Employees,"195 GB (411,109 Files, 48,413 Folders)",411109,195 GB
Global Secret Group,/project/9enE5fGhHgNxmo3o/,FALSE,/media/logos/logo_JLEhfKR.png,Fucked,fucked,Pro-Tuff | Decals,United States,US,$9.6 million,"Country: Crystal Lake, US |
Website: protuffdecals.com |
Revenue: $9.6 million |
Industry: Business Services General, Business Services |
Employees: 10-20 |
Properties: 412 GB (589,623 Files, 40,081 Folders)","Crystal Lake, US",protuffdecals.com,$9.6 million,"Business Services General, Business Services",10-20 Employees,"412 GB (589,623 Files, 40,081 Folders)",589623,412 GB
Global Secret Group,/project/UqkYzWk5mQyTgfnC/,FALSE,/media/logos/logo_xfKFDKv.png,Fucked,fucked,Nourison | Home,United States,US,$59.4 Million,"Country: New Jersey 07663, US |
Website: nourison.com |
Revenue: $59.4 Million |
Industry: Wholesale, Furniture, Home Decor, Retail, Real Estate |
Employees: 100-300 |
Properties: 799 GB (93,941 Files, 13,733 Folders)","New Jersey 07663, US",nourison.com,$59.4 Million,"Wholesale, Furniture, Home Decor, Retail, Real Estate",100-300 Employees,"799 GB (93,941 Files, 13,733 Folders)",93941,799 GB
Global Secret Group,/project/73yEFuLH8LXRPguz/,FALSE,/media/logos/LOGO_WqAETKU.png,Fucked,fucked,SPDM,Brazil,BR,$197 Million,"Country: Brazil |
Website: spdm.org.br |
Revenue: $197 Million |
Industry: Hospitals & Clinics |
Employees: 10.000 - 20.000 |
Properties: 847 GB (871,912 Files, 76,047 Folders)",Brazil,spdm.org.br,$197 Million,Hospitals & Clinics,10000-20000 Employees,"847 GB (871,912 Files, 76,047 Folders)",871912,847 GB
Global Secret Group,/project/MoQE4y7s38u4eqwe/,FALSE,/media/logos/Logo_mtdF5C1.png,Fucked,fucked,Sinop Energia,Brazil,BR,$12.2 Million,"Country: Brazil |
Website: sinopenergia.com.br |
Revenue: $12.2 Million |
Industry: Electricity, Oil & Gas |
Employees: 51-200 |
Properties:300 GB (43,113 Files, 5,372 Folders)",Brazil,sinopenergia.com.br,$12.2 Million,"Electricity, Oil & Gas",51-200 Employees,"300 GB (43,113 Files, 5,372 Folders)",43113,300 GB
Global Secret Group,/project/A2uABpxhHbwPFxTL/,FALSE,/media/logos/Logo2.png,Fucked,fucked,West Nova Fuels & Superline Fuels,Canada,CA,$18.9 Million,"Country: Canada |
Website: westnovasuperline.ca |
Revenue: $18.9 Million |
Industry: Convenience Stores, Gas Stations & Liquor Stores |
Employees: 51-200 |
Properties: 45.8 GB (114,200 Files, 2,672 Folders)",Canada,westnovasuperline.ca,$18.9 Million,"Convenience Stores, Gas Stations & Liquor Stores",51-200 Employees,"45.8 GB (114,200 Files, 2,672 Folders)",114200,45.8 GB
Global Secret Group,/project/F5Yavx7AaMytRMoB/,FALSE,/media/logos/LOGO.png,Fucked,fucked,Acens | Cloud & Backup,Spain,ES,$46.3 Million,"Country: Spain |
Website: acens.com |
Revenue: $46.3 Million |
Industry: Hosting |
Employees: 201-500",Spain,acens.com,$46.3 Million,Hosting,201-500 Employees,,342623,129 GB
Global Secret Group,/project/C9cf3amytRyxmMWC/,FALSE,/media/logos/logo_one_plus_capital.png,Fucked,fucked,One Plus Capital,Cyprus,CY,$7 Million,"Country: Cyprus |
Website: onepluscapital.net |
Revenue: $7 Million |
Industry: Finance |
Employees: 11-50 |
Properties: 117 GB (285,919 Files, 32,404 Folders)",Cyprus,onepluscapital.net,$7 Million,Finance,11-50 Employees,"117 GB (285,919 Files, 32,404 Folders)",285919,117 GB
Global Secret Group,/project/UeTX8xYu6spgCaoD/,FALSE,/media/logos/la_sevillanita_logo.jpg,Fucked,fucked,La Sevillanita,Argentina,AR,$15 Million,"Country: Argentina |
Website: lasevillanita.com |
Revenue: $15 million |
Industry: Freight & Logistics Services,Transportation |
Employees: 11-50 |
Properties: 200 GB (385,318 Files, 13,074 Folders)",Argentina,lasevillanita.com,$15 million,"Freight & Logistics Services,Transportation",11-50 Employees,"200 GB (385,318 Files, 13,074 Folders)",385318,212 GB
Global Secret Group,/project/dqobztBJSzUY2mwS/,FALSE,/media/logos/chaple.png,Fucked,fucked,Chappell Supply & Equipment,United States,US,$9.2 Million,"Country: Oklahoma, United States |
Website: chappellsupply.com |
Revenue: $9.2 Million |
Industry: Consumer Services,Retail,Manufacturing,Repair Services |
Employees: 11-50 |
Properties: 160 GB (268,758 Files, 30,522 Folders)","Oklahoma, United States",chappellsupply.com,$9.2 Million,"Consumer Services,Retail,Manufacturing,Repair Services",11-50 Employees,"160 GB (268,758 Files, 30,522 Folders)",268758,160 GB
Global Secret Group,/project/AndkwbyDaHGFPo63/,FALSE,/media/logos/MIDDENDORF.png,Fucked,fucked,Middendorf Animal Hospital & Laser Centre,United States,US,$5 Million,"Country: Kentucky, United States |
Website: middendorfanimalhospital.com |
Revenue: <$5 Million |
Industry: Healthcare Services,Veterinary Services |
Employees: 11-50 |
Properties: 28.1 GB (34,237 Files, 8,806 Folders)","Kentucky, United States",middendorfanimalhospital.com,<$5 Million,"Healthcare Services,Veterinary Services",11-50 Employees,"28.1 GB (34,237 Files, 8,806 Folders)",34237,28.1 GB
Global Secret Group,/project/szmiwcB8JtKjYiip/,FALSE,/media/logos/griffin.png,Fucked,fucked,AnyWeather,United States,US,$6 Million,"Country: Kentucky, United States |
Website: ohrestorationservices.com |
Revenue: $6 Million |
Industry: Construction |
Employees: 30 Employees |
Properties: 301 GB (33,041 Files, 4,133 Folders)","Kentucky, United States",ohrestorationservices.com,$6 Million,Construction,30 Employees,"301 GB (33,041 Files, 4,133 Folders)",33041,301 GB
Global Secret Group,/project/QdbN4dBahA3gtszy/,FALSE,/media/logos/carpets_direct.png,Fucked,fucked,Carpets Direct,United States,US,$5 Million,"Country: Ohio, United States |
Website: carpetsdirectfindlay.com |
Revenue: $5 Million |
Industry: Retail,Furniture |
Employees: 11-50 |
Properties: 31.1 GB (1,442 Files, 788 Folders)","Ohio, United States",carpetsdirectfindlay.com,$5 Million,"Retail,Furniture",11-50 Employees,"31.1 GB (1,442 Files, 788 Folders)",1442,31.1 GB
Global Secret Group,/project/fmea5NzJUbj4jsLe/,FALSE,/media/logos/backer.png,Fucked,fucked,Baker Business & Tax Solutions,United States,US,$5 Million,"Country: Kentucky, United States |
Website: bakerbusinessandtax.com |
Revenue: $1 Million |
Industry: Accounting for Legal Practices |
Employees: 1-10 Employees |
Properties: 213Gb (817,209 Files, 48,866 Folders)","Kentucky, United States",bakerbusinessandtax.com,$1 Million,Accounting for Legal Practices,1-10 Employees,"213Gb (817,209 Files, 48,866 Folders)",817209,213 GB
Global Secret Group,/project/yCK2NGYv4xG4YcwY/,FALSE,/media/logos/w6law_logo-removebg-preview.png,Fucked,fucked,West Sixth Law,United States,US,$5 Million,"Country: Columbus, Indiana, United States |
Website: agslawyers.com |
Revenue: $5 Million |
Industry: Law Firms & Legal Services |
Employees: 11-50 Employees |
Properties: 328 GB (708,816 Files, 47,925 Folders)","Columbus, Indiana, United States",agslawyers.com,$5 Million,Law Firms & Legal Services,11-50 Employees,"328 GB (708,816 Files, 47,925 Folders)",708816,201 GB
Global Secret Group,/project/uENzAT6a3XWLGAxA/,FALSE,/media/logos/ttt.jpg,Fucked,fucked,Farmers Mutual Fire Insurance,United States,US,$5.2 Million,"Country: Pennsylvania, United States |
Website: farmersofmarble.com |
Revenue: $5.2 Million |
Industry: Insurance |
Employees: 11-50 |
Properties: 5.72 GB (18,699 Files, 2,631 Folders)","Pennsylvania, United States",farmersofmarble.com,$5.2 Million,Insurance,11-50 Employees,"5.72 GB (18,699 Files, 2,631 Folders)",18699,5.72 GB
Global Secret Group,/project/Me6UtJhTDNXQZ8Dy/,FALSE,/media/logos/univiewuae_logo.jpg,Fucked,fucked,Uniview Technologies,China,CN,$610 Million,"Country: China |
Website: uniview.com |
Revenue: $610 Million |
Industry: Manufacturing, Electronics |
Employees: 1000-5000 Employees |
Properties: 1.5 TB (2,172,194 Files, 114,352 Folders)",China,uniview.com,$610 Million,"Manufacturing, Electronics",1000-5000 Employees,"1.5 TB (2,172,194 Files, 114,352 Folders)",2172194,1.5 TB
Global Secret Group,/project/UWeEFwpBdNvP8BDy/,FALSE,/media/logos/LOGO_imEtrNB.png,Fucked,fucked,Coggins Insurance Agency,United States,US,$5 Million,"Country: Florida, United States |
Website: cogginsinsurance.com |
Revenue: $5 Million |
Industry: Insurance |
Employees: 1-10 |
Properties: 85.9 GB (245,768 Files, 26,563 Folders)","Florida, United States",cogginsinsurance.com,$5 Million,Insurance,1-10 Employees,"85.9 GB (245,768 Files, 26,563 Folders)",245768,85.9 GB
Global Secret Group,/project/AUm9jjHmLf3JmpdJ/,FALSE,/media/logos/4.png,Fucked,fucked,Johnson City Honda,United States,US,"$6,5 Million","Country: Tennessee, United States |
Website: johnsoncityhonda.com |
Revenue: $6,5 Million |
Industry: Automobile Dealers |
Employees: 11-50 |
Properties: 32.9 GB(34,277 Files, 8,896 Folders)","Tennessee, United States",johnsoncityhonda.com,"$6,5 Million",Automobile Dealers,11-50 Employees,"32.9 GB(34,277 Files, 8,896 Folders)",34277,32.9 GB
