group,victim,country,status,data_volume,date_company_notified,site_href,site,industry,location,revenue,details_href,description
pear,Optimum First Mortgage,US,LEAKED,9.3 Tb,06/15/2026,https://www.optimumfirst.com/,optimumfirst.com,Finance Lending & Brokerage,USA,$48M,Companies/optimumfirst,"Providing fast and reliable mortgage solutions, including home purchases and refinancing options"
pear,Sonitor Technologies,US,LEAKED,560 Gb,007/07/2026,https://www.sonitor.com/,sonitor.com,Healthcare Software,USA,$16.4M,Companies/sonitor,Sonitor’s platform and technologies deliver the accurate and reliable data required to optimize care delivery
pear,Metropolitan Construction Systems,US,LEAKED,1.6 Tb,07/20/2026,https://www.metropolitanroof.com/,metropolitanroof.com,Construction Management,USA,$20M,Companies/metropolitanroof,Leading commercial roofing company based in New York City
pear,Faro Products Inc.,CA,LEAKED,2.1 Tb,7/7/2026,https://www.faroproducts.com/,faroproducts.com,Manufacturing,Canada,$5M,Companies/faroproducts,Leading manufacturer in the promotional products and souvenir
pear,"South Plains Rural Health Services, Inc.",US,LEAKED,1.4 Tb,06/17/2026,https://www.sprhs.org/,sprhs.org,Hospitals & Physicians Clinics,USA,$13M,Companies/sprhs,Comprehensive and family care in West Texas
pear,"Tostrud & Temp, S.C.",US,LEAKED,770 Gb,06/23/2026,https://www.tntcpas.com/,tntcpas.com,Accounting Services,USA,<$5M,Companies/tntcpas,Full service CPA firm serving La Crosse
pear,CNW Electronics Pte Ltd,SG,LEAKED,4.6 Tb,06/30/2026,https://www.cnw.com.sg/,cnw.com.sg,Electronics,Singapore,$15M,Companies/cnw,"Providing complete wire harness solutions, from design to manufacturing"
pear,"AC Beverage, Inc.",US,LEAKED,580 Gb,06/30/2026,https://www.acbeverage.com/,acbeverage.com,Repair Services,USA,$7.5M,Companies/acbeverage,"Provider in the draft beer service industry, specializing in the installation of high-quality systems and beer line"
pear,Sociedad Latina,US,LEAKED,399 Gb,06/25/2026,https://www.sociedadlatina.org/,sociedadlatina.org,Non-Profit & Charitable Organizations,USA,$12.1M,Companies/sociedadlatina,"Support in education, civic engagement, workforce development, and arts and culture, specifically tailored for multilingual learners"
pear,ORA Group Information,FR,LEAKED,4.12 Tb,06/23/2026,https://www.groupe-ora.com/,groupe-ora.com,Advertising Services,France,$7.1M,Companies/groupe-ora,Specializing in retail and the point-of-sale experience
pear,"Spector and Lenz, PC",US,LEAKED,680 Gb,06/22/2026,https://www.spectorandlenz.com/,spectorandlenz.com,Law Firms & Legal Services,USA,<$5M,Companies/spectorandlenz,"Firm provides legal representation to clients facing disability, injury, or serious illness"
pear,National Health Fund,JM,LEAKED,2.9 Tb,6/2/2026,https://www.nhf.org.jm/,nhf.org.jm,National Health Fund,Jamaica,$152M,Companies/nhf,The National Health Fund (NHF)
pear,Bayou Electrical Services,US,LEAKED,2.4 Tb,6/4/2026,https://www.bayouelectrical.com/,bayouelectrical.com,Construction Management,USA,$12.4M,Companies/bayouelectrical,"Instrumentation and electrical contractor based out of Houston, Texas"
pear,Kirbor Homes,US,LEAKED,1.8 Tb,6/10/2026,https://www.kirbor.com/,kirbor.com,Construction Management,USA,$5.6M,Companies/kirbor,Kirbor Homes is a reputable home builder located in the Mid-Atlantic region
pear,"Release Marine, Inc.",US,LEAKED,1 Tb,6/10/2026,https://www.releasemarine.com/,releasemarine.com,Manufacturing,USA,$19.5M,Companies/releasemarine,Handmade sport fishing equipment and yacht furnishings
pear,B & B Trading,US,LEAKED,570 Gb,6/10/2026,https://www.bandbtrading.com/,bandbtrading.com,Food Wholesale Distributor,USA,$348M,Companies/bandbtrading,Largest independent food wholesale distributors in New England
pear,Alpha IT,NO,LEAKED,21 Tb,6/4/2026,https://www.alphait.no/,alphait.no,IT Services & Software Testing,Norway,$5.2M,Companies/alphait,ICT company that offers ASP services
pear,K & E Distributing,US,LEAKED,682 Gb,6/4/2026,https://www.kedistributing.com/,kedistributing.com,Construction Management,USA,<$5M,Companies/kedistributing,"Design and service of heat pump systems, geothermal and air source units, and radiant heat technologies"
pear,Plexsupply Inc,US,LEAKED,800 Gb,05/26/2026,https://www.plexsupply.net/,plexsupply.net,Office Products Retail & Distribution Retail,USA,<$5M,Companies/plexsupply,A private wholesale and distribution company offering the highest-quality brand-name products
pear,Exchange Group,CA,LEAKED,1.8 Tb,05/13/2026,https://www.exg.ca/,exg.ca,Accounting for Legal Practices,Canada,$33.2M,Companies/exg,Professional Accounting and Consulting firms in the province of Manitoba
pear,Indian Creek Valley Water Authority,US,LEAKED,750 Gb,05/13/2026,https://www.icvwater.org/,icvwater.org,"Energy, Utilities & Waste",USA,<$5M,Companies/icvwater,Indian Creek Valley Water Authority
pear,Fana Jewelry Inc,US,LEAKED,2.3 Tb,05/14/2026,https://www.fanajewelry.com/,fanajewelry.com,Luxury Goods and Jewelry Retail,USA,$16M,Companies/fanajewelry,Crafting jewelry for countless generations
pear,Pro Farm Group Inc,US,LEAKED,640 Gb,05/14/2026,https://www.profarm.com/,profarm.com,Chemicals & Related Products,USA,$94.2M,Companies/profarm,"Experts at discovering, developing, and commercializing naturally derived technologies"
pear,"Langenberg, Strubberg, Arand & King, LLC",US,LEAKED,660 Gb,04/28/2026,https://www.lsakcpa.com/,lsakcpa.com,Accounting Services,USA,<$5M,Companies/lsakcpa,"Firm that specializes in providing accounting, tax, and advisory services"
pear,Office Furniture Group,US,LEAKED,2.4 Tb,5/5/2026,https://www.ofginc.com/,ofginc.com,Furniture Retail,USA,$13.3M,Companies/ofginc,Interior workplace solutions provider
pear,"Beyond Measure & Associates, Inc.",US,LEAKED,726 Gb,04/22/26,https://www.churchdesign.com/,churchdesign.com,Construction Managent,USA,$30M,Companies/churchdesign,"Church Design, Engineering, Financial & Construction Services"
pear,Morning Star Tours,US,LEAKED,1.2 Tb,04/30/2026,https://www.morningstartours.com/,morningstartours.com,Travel Agencies,USA,$5.5M,Companies/morningstartours,Journeys that can change lives
pear,Mesquite Plumbing Inc.,US,LEAKED,750 Gb,04/22/26,https://www.mesquiteplumbing.com/,mesquiteplumbing.com,Construction Management,USA,<$5M,Companies/mesquiteplumbing,Plumbing Experts
pear,Fox Broermann Pediatric Dentistry of Tulsa,US,LEAKED,1.2 Tb,04/22/2026,https://www.foxbroermann.com/,foxbroermann.com,Dental Practice Management Hospitals & Physicians Clinics,USA,$15M,Companies/foxbroermann,Pediatric dentistry of Tulsa
pear,Kinsmen TeleMiracle,CA,LEAKED,1.5 Tb,4/9/2026,https://www.telemiracle.com/,telemiracle.com,Non-Profit & Charitable Organization,CA,<$5M,Companies/telemiracle,Charitable organization that hosts an annual telethon to raise funds for the Kinsmen Foundation
pear,"Roger D. Mason II, P.A.",US,LEAKED,340 Gb,04/16/2026,https://www.flautolawyer.com/,flautolawyer.com,Law Firms & Legal Services,USA,<$5M,Companies/flautolawyer,Florida Auto Dealership Fraud Attorney
pear,Colorado Pulmonary Intensivists,US,LEAKED,2.3 Tb,4/9/2026,https://www.cpimedicine.com/,cpimedicine.com,Hospitals & Physicians Clinics,USA,$9.6M,Companies/cpimedicine,"Specializes in services related to pulmonology and critical care, including outpatient pulmonary care and sleep medicine"
pear,Colonial Presbyterian Church,US,LEAKED,1.8 Tb,4/7/2026,https://www.colonialkc.org/,colonialkc.org,Church Management Organization,USA,$18M,Companies/colonialkc,Colonial Presbyterian Church operates two campuses in Overland Park and South Kansas City
pear,Arkansas Oral & Maxillofacial Surgeons,US,LEAKED,2.1 Tb,4/7/2026,https://www.arsurgeons.com/,arsurgeons.com,Dental Practice Management,USA,<$5M,Companies/arsurgeons,Offers a wide range of services in the field of maxillofacial surgery
pear,Family Psychological Associates,US,LEAKED,500 Gb,4/6/2026,https://www.kcifpa.com/,kcifpa.com,Hospitals & Physicians Clinics,USA,$10.5M,Companies/kcifpa,Provides mental health services
pear,"The McLamb Group, Inc",US,LEAKED,1 Tb,4/6/2026,https://www.themclambgroup.com/,themclambgroup.com,Business Services,USA,<$5M,Companies/themclambgroup,"Specializ in warehousing and fulfillment, direct mail services, inventory management, printing and graphic design, and builder services"
pear,"Powell, Powell & Powell, P.A.",US,LEAKED,390 Gb,4/6/2026,https://www.powelllawfirm.com/,powelllawfirm.com,Law Firms & Legal Services,USA,<$5M,Companies/powelllawfirm,A law firm specializing in personal injury cases
pear,Siegel Lewitter Malkani,US,LEAKED,850 Gb,4/6/2026,https://www.sl-employmentlaw.com/,sl-employmentlaw.com,Law Firms & Legal Services,USA,<$5M,Companies/sl-employmentlaw,"A highly respected law firm in the San Francisco Bay Area, specializing in employment law"
pear,ARC Dialysis LLC,US,LEAKED,2.4 Tb,03/25/2026,https://www.arcdialysis.com/,arcdialysis.com,Hospitals & Physicians Clinics,USA,$35M,Companies/arcdialysis,Independent dialysis service provider
pear,Wyatt Insurance Agency,US,LEAKED,600 Gb,03/26/2026,https://www.wyattinsuranceca.com/,wyattinsuranceca.com,Insurance,USA,<$5M,Companies/wyattinsuranceca,"Auto Insurance, Home Insurance, Renters Insurance, Motorcycle Insurance"
pear,Richard J. Hackerman P.A.,US,LEAKED,300 Gb,03/26/2026,https://www.richardhackerman.com/,richardhackerman.com,Law Firms & Legal Services,USA,<$5M,Companies/richardhackerman,Tax Attorney and Bankruptcy Lawyer in Baltimore
pear,Skibiel Law,US,LEAKED,1.2 Tb,02/18/2026,https://www.skibiellaw.com/,skibiellaw.com,Law Firms & Legal Services,USA,$2.5M,Companies/skibiellaw,Georgia Work Injury And Personal Injury Lawyers
pear,Monmouth University,US,LEAKED,16 Tb,3/3/2026,https://www.monmouth.edu/,monmouth.edu,Colleges & Universities,USA,$160M,Companies/monmouth,"Private university in West Long Branch, New Jersey"
pear,CTI & Coordinators,US,LEAKED,1.12 Tb,3/2/2026,https://www.cticoordinators.com/,cticoordinators.com,Transportation Services,USA,$16M,Companies/cticoordinators,Freight transportation services throughout the United States and province of Ontario Canada
pear,Interact Technology Solutions,EG,LEAKED,2 Tb,3/3/2026,https://www.interactts.com/,interactts.com,Business Services,Egypt,$55.1M,Companies/interactts,Leading company in providing the latest technologies and business solutions
pear,J.R. Martin & Associates,US,LEAKED,,02/18/2026,https://www.jrmartincpa.com/,jrmartincpa.com,Accounting Services,USA,<$5M,Companies/jrmartincpa,"A High Quality, Comprehensive Accounting & Tax Service"
pear,The Odom Firm,US,LEAKED,,02/23/2026,https://www.mecklaw.com/,mecklaw.com,Law Firms & Legal Services,USA,<$5M,Companies/mecklaw,"Representing individuals and businesses in matters related to easements, agreements, and zoning, including variances and appeals"
pear,"Carlo J. Martina, P.C.",US,LEAKED,,02/23/2026,https://www.martinalaw.com/,martinalaw.com,Law Firms & Legal services,USA,<$5M,Companies/martinalaw,Plymouth MI Divorce & Family Law Attorneys
pear,Pavlus Travel,US,LEAKED,,2/6/2026,https://www.pavlus.com/,pavlus.com,Hospitality,USA,$9.1M,Companies/pavlus,"Specializes in luxury sea cruises, river cruises, and guided tours"
pear,San Diego Eye Bank,US,LEAKED,,2/4/2026,https://www.sdeb.org/,sdeb.org,Blood & Organ Banks,USA,<$5M,Companies/sdeb,San Diego Eye Tissue Bank
pear,Hallauer Law Firm,US,LEAKED,,01/27/2026,https://www.hallauerlaw.net/,hallauerlaw.net,Law Firms & Legal Services,USA,<5M,Companies/hallauerlaw,"The go-to firm throughout the Hampton Roads region for Criminal Defense, Family Law, Military Law, and Personal Injury matters"
pear,Rocky Mountain Associated Physicians,US,LEAKED,,01/26/2026,https://www.utahbariatrics.com/,utahbariatrics.com,Hospitals & Physicians Clinics,USA,<$5M,Companies/utahbariatrics,"Utah’s Leading Bariatric Specialists, surgical & Medical Weight Loss Solutions in Salt Lake City"
pear,MMD Insurance Law Advocates,US,LEAKED,,01/21/2026,https://mmdinsurancelawadvocate.com/,mmdinsurancelawadvocate.com,Law Firms & Legal Services,USA,<$5M,Companies/mmdinsurancelawadvocate,"Dedicated to representing homeowners, business owners and condominium associations in insurance disputes"
pear,Angstrom Automotive Group,US,LEAKED,,12/1/2025,https://angstrom-usa.com/,angstrom-usa.com,Automotive Parts,USA,$500M,Companies/angstrom-usa,Leading tier 1 full-service supplier for Automotive and Industrial OEMs
pear,Gordon Clifford Properties Inc.,US,LEAKED,,12/11/2025,https://www.gordoncliffordmanagement.com/,gordoncliffordmanagement.com,Real Estate,USA,$1.75M,Companies/gordoncliffordmanagement,Property management and serving san francisco property owners
pear,Iroquois Memorial Hospital,US,LEAKED,,11/25/2025,https://www.iroquoismemorial.com/,iroquoismemorial.com,Hospitals & Physicians Clinics,USA,$35.4M,Companies/iroquoismemorial,"Cost-efficient, high quality, consumer-responsive health care services"
pear,"Medical Center, LLP",US,LEAKED,,11/19/2025,https://www.dublinmedicalcenter.com/,dublinmedicalcenter.com,Hospitals & Physicians Clinics,USA,$5.7M,Companies/dublinmedicalcenter,"Family Medicine and Primary Care Practice in Dublin, GA"
pear,Quinn Jay Patent,US,LEAKED,,11/13/2025,https://www.quinnjaypatent.com/,quinnjaypatent.com,Patent Bureau,USA,<$5M,Companies/quinnjaypatent,Drawing services for the intellectual property community
pear,Law Office of Ronald W. Hillberg,US,LEAKED,,11/12/2025,https://www.hillberglaw.biz/,hillberglaw.biz,Law Firms & Legal Services,USA,<$5M,Companies/hillberglaw,Estate planning and wills
pear,Gerson & Schwartz Accident & Injury Lawyers,US,LEAKED,,10/29/2025,https://www.injuryattorneyfla.com/,injuryattorneyfla.com,Law Firms & Legal Services,USA,$6.5M,Companies/injuryattorneyfla,"A Miami law firm representing victims in all types of legal proceedings related to accidents, injuries, and wrongful death"
pear,Riddell Law Group,US,LEAKED,,10/15/2025,https://www.rlglawfirm.com/,rlglawfirm.com,Law Firms & Legal Services,USA,$5.9M,Companies/rlglawfirm,"Real Estate Law, Title Insurance, Probate Estate Planning, Bankruptcy, Foreclosures/Short Sales"
pear,Miami Management,US,LEAKED,,10/14/2025,https://www.miamimanagement.com/,miamimanagement.com,Business Services,USA,$64M,Companies/miamimanagement,A licensed and insured company providing a full range of property management services
pear,Navigator Business Solutions,US,LEAKED,,10/2/2025,https://www.nbs-us.com/,nbs-us.com,Enterprise Resource Planning (ERP) Software,USA,$17.2M,Companies/nbs-us,Helps companies conquer their industry and business complexity by implementing and supporting the best fit systems and processes
pear,B. G. Schneider Treuhand AG Information,CH,LEAKED,,10/16/2025,https://www.schneider-treuhand.ch/,schneider-treuhand.ch,Accounting Service,Switzerland,,Companies/schneider-treuhand,
pear,"GFF&F - Galine, Frye, Fitting & Frangos, LLP",US,LEAKED,,10/14/2025,https://www.dongaline.com/,dongaline.com,Law Firms & Legal Services,USA,<$5M,Companies/dongaline,Highest-rated San Mateo personal injury attornes
pear,Brevard Skin,US,LEAKED,,10/7/2025,https://brevardskin.com/,brevardskin.com,Hospitals & Physicians Clinics,USA,$13M,Companies/brevardskin,"Dedicated to providing comprehensive dermatological care to address a wide range of skin, hair, and nail conditions"
pear,Western Orthopaedics,US,LEAKED,,09/30/2025,https://www.western-ortho.com/,western-ortho.com,Hospitals & Physicians Clinics,USA,<$5M,Companies/western-ortho,"The orthopaedic surgery, musculoskeletal conditions, sports injuries and spinal conditions"
pear,"MCBS, LLC",US,LEAKED,,09/25/2025,https://www.mcbs.com/,mcbs.com,Accounting Services,USA,$4.5M,Companies/mcbs,Provides a complete range of management services to healthcare providers
pear,Phillips Feldman Group,US,LEAKED,,09/15/2025,https://www.pfgcpa.com/,pfgcpa.com,Accounting Services,USA,<$5M,Companies/cpfgcpa,"Quality, personalized financial guidance to South Florida individuals and businesses"
pear,ComTec Systems,US,LEAKED,,09/23/2025,https://comtecsystems.net/,comtecsystems.net,"Internet Service Providers, Website Hosting & Internet-related Services",USA,$20M,Companies/comtecsystems,Specializing in business telecommunications and cost reduction consulting
pear,Tri-Century Eye Care,US,LEAKED,,9/3/2025,https://tricenturyeye.com/,tricenturyeye.com,Hospitals & Physicians Clinics,USA,$21M,Companies/tricenturyeye,Ophthalmologists and optometrists provide comprehensive and sub-specialty eye care across patients of all ages
pear,VirMedice,US,LEAKED,,9/11/2025,https://www.virmedice.com/,virmedice.com,Healthcare Software,USA,$3M,Companies/virmedice,VirMedice offers the NextGen Ambulatory EHR (Electronic Health Records) and NextGen Ambulatory PM software (Practice Management) in two Models
pear,Reynolds & Reynolds,US,LEAKED,,9/2/2025,https://www.reyrey.com/,reyrey.com,Business Services,USA,$1.3B,Companies/reyrey,Leading provider of automotive retailing solutions that help manage and improve dealership
pear,Next Level Solutions,US,LEAKED,,9/9/2025,https://nextlevelsol.net/,nextlevelsol.net,Business Services,USA,$5.4M,Companies/nextlevelsol,"Partners with companies to provide accounting, human resources and technology deployment services"
pear,US Graphite,US,LEAKED,,08/19/2025,http://www.us-graphite.com/,us-graphite.com,Minerals & Mining,USA,$7.9M,Companies/us-graphite,Specialists in carbon and graphite engineering solutions
pear,Beaumont Bone & Joint Institute,US,LEAKED,,08/20/2025,http://www.beaumontbone.com/,beaumontbone.com,Hospitals & Physicians Clinics,USA,$21M,Companies/beaumontbone,A trusted leader in orthopedic care with over 300 years of combined experience
pear,"Cullen, Haskins, Nicholson & Menchetti",US,LEAKED,,08/27/2025,http://www.chnm-law.com/,chnm-law.com,Law Firms & Legal Services,USA,<$5M,Companies/chnm-law,The firm represente injured workers in Illinois state compensation cases
pear,Rescue Mission Alliance,US,LEAKED,,08/25/2025,https://www.erescuemission.org/,erescuemission.org,Non-Profit Organization,USA,$12.7M,Companies/erescuemission,Pioneering Christian organization that helps people realize their potential to live beyond their limitations
pear,Cheyney University,US,LEAKED,,08/18/2025,https://cheyney.edu/,cheyney.edu,Colleges & Universities,USA,$28.6M,Companies/cheyney,Cheyney University of Pennsylvania the nation’s first Historically Black College and University (HBCU)
pear,Homsey Law Center,US,LEAKED,,8/4/2025,https://www.homseylawcenter.com/,homseylawcenter.com,Law Firms & Legal Services,USA,<$5M,Companies/homseylawcenter,Homsey Law Center are experts in personal injury law dedicated to serving Oklahoma City for the last 47 years
pear,Catholic Charities of the Diocese of Albany,US,LEAKED,,07/30/2025,https://www.ccrcda.org/,ccrcda.org,Private social service agency,USA,$56M,Companies/ccrcda,"Catholic Charities of the Diocese of Albany is one of the largest, private, social service agencies in the region"
pear,West Chester,US,LEAKED,,8/12/2025,https://www.westchesteroh.org/,westchesteroh.org,Government,USA,$21.5M,Companies/westchesteroh,"West Chester Township is the most populous township in Ohio, with a population of 65,242 according to the 2020 census"
pear,Ramar & Paradiso,US,LEAKED,,8/8/2025,https://ramarparadiso.com/,ramarparadiso.com,Law Firms & Legal Services,USA,$5.6M,Companies/ramarparadiso,"The law firm of Ramar & Paradiso, are experts of medical malpractice defense, health care law, corporate law, contract dispute, and appeals"
pear,"Hankin & Mazel, PLLC",US,LEAKED,,07/15/2025,https://www.hankinmazel.com/,hankinmazel.com,Law Firms & Legal Services,USA,<$5M,Companies/hankinmazel,The staff at Hankin & Mazel has been representing cooperative and condominium boards for over 30 years
pear,JWiz,US,LEAKED,,07/24/2025,https://jwiz.com/,jwiz.com,Business Services,USA,$6.3M,Companies/JWiz,"Marketing solutions, online advertising and sales promotions, lead generation, social media networking, website design, development, etc"
pear,U.S. Battery,US,LEAKED,,07/21/2025,https://www.usbattery.com/,usbattery.com,Automotive Service & Collision Repair,USA,$128.2M,Companies/usbattery,"Since 1926, U.S. Battery has been designing and manufacturing the world's highest quality deep cycle batteries"
pear,Kalchschmid GmbH & Co. KG,DE,LEAKED,,07/17/2025,https://www.kalchschmid.com/,kalchschmid.com,Commercial & Residential Construction,Germany,$24.7M,Companies/kalchschmid,"Our highly qualified employees are specialists in wood construction, carpentry, tin work, roofing and scaffolding"
pear,The Danvers Law Offices,US,LEAKED,,07/17/2025,https://www.danverslawyer.com/,danverslawyer.com,Law Firms,USA,<$5M,Companies/danverslawyer,"Boutique personal injury law firm based in Danvers, MA, serving residents throughout Massachusetts and New Hampshire since 2005"
pear,Garrison Law Firm,US,LEAKED,,07/15/25,https://www.garrisonlegal.com/,garrisonlegal.com,Law Firms,USA,<$5M,Companies/garrisonlegal,
pear,The Job Shop,US,LEAKED,,07/15/2025,https://www.jobshopsf.com/,jobshopsf.com,HR & Staffing,USA,$51.5M,Companies/jobshopsf,
pear,Preferred Homes Realty,US,LEAKED,,7/9/2025,,preferredhomesrealty.com,Real Estate,USA,<$5M,Companies/preferredhomesrealty,Wide variety of useful information and resources designed to help you buy or sell a home
pear,Alt Vision,AU,LEAKED,,7/8/2025,,altvision.com.au,Business Services,Australia,$5.5M,Companies/altvision,Alt Vision specialise in the Delivery of ITIL based IT Service Management Solutions around the VMwware Service Management Platform
pear,Tas Nz Bay Limited,NZ,LEAKED,,7/8/2025,https://www.tasnz.co.nz/,tasnz.co.nz,Accounting Services,New Zeland,<$5M,Companies/tasnz,TAS NZ advisors dedicated to providing personalized financial solutions that help businesses thrive. Based in the heart of New Zealand
pear,ThinkBig Health Care Solutions,US,LEAKED,,06/24/2025,https://thinkbighcs.com/,thinkbighcs.com,Consulting Health Care,USA,$5.1M,Companies/thinkbighcs,"Specializes in providing comprehensive services to medical practices, including contract acquisition, billing, collections, and practice management"
pear,Twin Oaks Presbyterian Church,US,LEAKED,,7/3/2025,https://twinoakschurch.org/,twinoakschurch.org,Church,USA,<$5M,Companies/twinoakschurch,"Twin Oaks Presbyterian Church focuses on worship, discipleship, and outreach"
pear,Ail Hospitality Group,US,LEAKED,,7/3/2025,https://ailhospitality.com/,ailhospitality.com,Hospitality,USA,$18.5M,Companies/ailhospitality,"AIL Hospitality manage a diverse portfolio of hotels located in states like West Virginia, Maryland, Ohio, and Pennsylvania"
pear,Bromack Manufacturing,US,LEAKED,,06/27/2025,https://bromack.com/,bromack.comm,Manufacturing,USA,<$5M,Companies/bromack,Specialized in fixtures and furnishings to the Banking Industry
pear,Clarkston First Baptist Church,US,LEAKED,,06/26/2025,https://clarkstonfbc.org/,clarkstonfbc.org,Church,USA,<$5M,Companies/clarkstonfbc,"Founded by former slaves on donated land, the Clarkston First Baptist Church"
pear,Brookside Homes,US,LEAKED,,06/24/2025,https://brooksidehomes.com/,brooksidehomes.com,Commercial & Residential Construction,USA,<$5M,Companies/brooksidehomes,Brookside Homes is a custom home builder renowned for delivering exceptional quality and service to discerning clients across Central Pennsylvania
pear,Hamilton Park,US,LEAKED,,06/24/2025,https://hamiltonparkinteriors.com/,hamiltonparkinteriors.com,Furniture,USA,$5M,Companies/hamiltonparkinteriors,Hamilton Park Interiors offers thoughtfully designed and quality home furnishings that reflect your style and your life
pear,Neff Specialties,US,LEAKED,,06/24/2025,http://neffspecialties.com/,neffspecialties.com,Commercial & Residential Construction,USA,<$5M,Companies/neffspecialties,"The company designs, sells, installs, and services a variety of construction products"
