group,victim,country,website,views,added_date,publication_date,status,post_id,source_file
play,Grunthal Welding & Supplies,Canada,www.grunthalwelding.com,2334,2026-09-10,2026-09-13,published,JOeV4CADDG9te,2026-09-17_page001.html
play,Sys-kool,United States,www.sys-kool.com,2234,2026-09-10,2026-09-14,published,yyncT2aFBiPDiv,2026-09-17_page001.html
play,GT Distributors,United States,www.gtdist.com,3589,2026-09-08,2026-09-11,published,uvrc17ZppDE4Jp,2026-09-17_page001.html
play,Red Star Oil,United States,www.redstaroil.com,3033,2026-09-08,2026-09-11,published,URWl0S32MlBaOs,2026-09-17_page001.html
play,Meteor Group,Germany,www.meteor.de,5190,2026-08-31,2026-09-03,published_full,ERRbEvbLM2k5Ta,2026-09-17_page001.html
play,KRC Machine Tool Solutions,United States,www.krcmachinetoolsolutions.com,4386,2026-08-31,2026-09-04,published_full,nRz8hNyblr2Aee,2026-09-17_page001.html
play,Figgins Family Wine Estates,United States,www.figginsfamily.com,4716,2026-08-31,2026-09-04,published_full,UmJAWJS9K2lw,2026-09-17_page001.html
play,MEQ,Canada,www.mobiliermeq.com,4999,2026-08-31,2026-09-04,published_full,hEIeYmkZgItUu,2026-09-17_page001.html
play,Latoplast,Canada,www.latoplast.com,7432,2026-08-20,2026-08-23,published_full,4dYU8GZcqgxs1J,2026-09-17_page001.html
play,Woodhaven Association,United States,www.woodhavenassociation.com,7810,2026-08-17,2026-08-23,published_full,PU5fVnduYRm0UF,2026-09-17_page001.html
play,Marconi Industrial Services,Italy,www.marconi-spa.com,9155,2026-08-09,2026-08-12,published_full,HwXk2QZx36SxC,2026-09-17_page001.html
play,Rilpa Enterprises,Canada,www.helis.com,9959,2026-08-09,2026-08-13,published,tlzf4PYMpW8BZK,2026-09-17_page001.html
play,MIE Solutions,United States,www.mie-solutions.com,9159,2026-08-09,2026-08-13,published_full,jgnbxtBA0AKyzY,2026-09-17_page002.html
play,Platinum Group,United States,www.platinum-grp.com,10208,2026-08-06,2026-08-10,published_full,J7ZK0cLljprQOb,2026-09-17_page002.html
play,GCATS Investments,United States,www.gcatstx.com,10248,2026-08-06,2026-08-10,published_full,rSQ3WyESL5wR6,2026-09-17_page002.html
play,Signature Services,United States,www.signatureservices.net,10120,2026-08-06,2026-08-10,published_full,dj7YZ0SGIBx7A0,2026-09-17_page002.html
play,Preferred Financial Group,United States,www.preferredfinancial.com,10013,2026-08-04,2026-08-08,published_full,viSDXILZNN4WA,2026-09-17_page002.html
play,First Tek,United States,www.first-tek.com,10017,2026-08-04,2026-08-08,published_full,02Wdfxsv6gbx6,2026-09-17_page002.html
play,Cambridge Management,United States,www.cambridgemgmt.net,10384,2026-08-01,2026-08-05,published_full,mmWo7mrab7Mwqp,2026-09-17_page002.html
play,Sigma Plastics Group,United States,www.sigmaplasticsgroup.com,10396,2026-08-01,2026-08-05,published_full,1HEHCI7eOmQZS,2026-09-17_page002.html
play,The Butcher Brothers,United States,www.thebutcherbrotherscorp.com,10282,2026-08-01,2026-08-05,published_full,UTCN61lDez9A3,2026-09-17_page002.html
play,The DeBruler,United States,www.debrulerco.com,11613,2026-07-25,2026-07-29,published_full,04jvrERlbg1zWO,2026-09-17_page002.html
play,Restaurant Depot,United States,www.restaurantdepot.com,11965,2026-07-23,2026-07-27,published_full,nWEZHTyZGbUhJR,2026-09-17_page002.html
play,Record Go Alquiler,Spain,www.recordrentacar.com,12715,2026-07-23,2026-07-27,published_full,A7fY2IwrqDoX9Z,2026-09-17_page002.html
play,Kreysler & Associates,United States,www.kreysler.com,12769,2026-07-21,2026-07-26,published_full,RzC0F2jeVk9Zs8,2026-09-17_page003.html
play,Tax MT,United States,www.tax-mt.com,12982,2026-07-21,2026-07-29,published_full,7cM13edLLDTIB5,2026-09-17_page003.html
play,Svensk Direktreklam,Sweden,www.sdr.se,13640,2026-07-16,2026-07-20,published,bBS6iRxZWJNAUE,2026-09-17_page003.html
play,Andorra Life,United States,www.andorralife.com,13833,2026-07-16,2026-07-20,published_full,MkNR4jZleHdlYc,2026-09-17_page003.html
play,AG Scholtes,Netherlands,www.agscholtes.nl,12990,2026-07-16,2026-07-20,published_full,oecn6NG9SQYNLc,2026-09-17_page003.html
play,Wring Group,United Kingdom,www.wringgroup.co.uk,13207,2026-07-16,2026-07-20,published_full,os42vGw6zDhCvA,2026-09-17_page003.html
play,Boston Electric and Telephone,United States,www.betcorp.com,13199,2026-07-16,2026-07-20,published_full,I7dU5mZkuYuiVP,2026-09-17_page003.html
play,United Infrastructure,United Kingdom,www.unitedinfrastructure.com,14991,2026-07-07,2026-07-11,published_full,gqmm4Ud2E9faTr,2026-09-17_page003.html
play,Kevin Bao Lenguyen,United States,www.kblaa.com,14567,2026-07-07,2026-07-11,published_full,q3GdV7iWPAT0G,2026-09-17_page003.html
play,Preneed Funeral Programs,United States,www.preneed.net,14992,2026-07-07,2026-07-11,published,OwUv1dInsynYt,2026-09-17_page003.html
play,Silvestri & Associates Insurance,United States,www.silvestriandassociates.com,15157,2026-07-04,2026-07-08,published_full,omRP0Z54cH0P8e,2026-09-17_page003.html
play,Locati Architects,United States,www.locatiarchitects.com,15050,2026-07-04,2026-07-08,published_full,8fJN1qE5MO0ev0,2026-09-17_page003.html
play,Western Construction,United States,www.wciboise.com,15793,2026-06-30,2026-07-08,published_full,yXJej0EB4mGwto,2026-09-17_page004.html
play,Kuhnline,United States,www.kuhnline.com,16267,2026-06-27,2026-06-30,published_full,PpzPwMHniRvNIx,2026-09-17_page004.html
play,eurOptimum,United States,www.europtimum.com,18735,2026-06-17,2026-06-22,published_full,aMF8umq3LV9DKN,2026-09-17_page004.html
play,Integrated Technologies,United States,www.itc4u.com,18348,2026-06-17,2026-06-22,published_full,ebJzrPyFafAaz9,2026-09-17_page004.html
play,Greg Crosslin,United States,www.destinlegal.com,18322,2026-06-17,2026-06-22,published_full,qExwMmXjiR18a,2026-09-17_page004.html
play,Rainbow Distributors USA,United States,www.rainbowdistributorsusa.com,20141,2026-06-10,2026-06-14,published_full,B2HWTdJKr3ivzf,2026-09-17_page004.html
play,Mundt and Associates,United States,www.mundtinc.com,19743,2026-06-10,2026-06-14,published_full,wrqd9pVkMyJt2T,2026-09-17_page004.html
play,Pearson Ford,United States,www.pearsonford.com,19959,2026-06-06,2026-06-08,published_full,64thX5rrKSMtGp,2026-09-17_page004.html
play,Corley MFG,United States,www.corleymfg.com,20265,2026-06-04,2026-06-08,published_full,AFCxD2HjYFRkvr,2026-09-17_page004.html
play,The Chapel,United States,www.thechapel.com,20319,2026-06-04,2026-06-08,published_full,IDPKtSXEUdbGwL,2026-09-17_page004.html
play,Dallis Law Firm,United States,www.dallislawfirm.com,20174,2026-06-04,2026-06-08,published_full,3vtw1NyTphurhL,2026-09-17_page004.html
play,Hightower Communications,United States,www.hightowernc.com,20749,2026-06-01,2026-06-06,published,1EVaqVWGRN5cAC,2026-09-17_page004.html
play,Digitall Graphics,Canada,www.digitallgraphics.ca,21061,2026-06-01,2026-06-06,published_full,N9nxqXKEF9Bka,2026-09-17_page005.html
play,De Waard Transport,Netherlands,www.dewaardtransport.nl,22096,2026-05-25,2026-05-29,published_full,SlydLkwk8U37RL,2026-09-17_page005.html
play,MyPillow,United States,www.mypillow.com,22093,2026-05-25,2026-05-29,published_full,tnR6TSNg1G4dAY,2026-09-17_page005.html
play,Legend Networking & Telecom,United States,www.legendnt.com,22020,2026-05-25,2026-05-29,published_full,b318mVzt5Q4riT,2026-09-17_page005.html
play,Round Hill Country Club,United States,www.rhcountryclub.com,21988,2026-05-25,2026-05-29,published_full,yhqqaQnNja8YwZ,2026-09-17_page005.html
play,NL Fisher,Canada,www.nlfisher.com,22221,2026-05-25,2026-05-30,published_full,djf1JVEPzgEe5,2026-09-17_page005.html
play,GW Mechanical,United States,www.gwmechanical.com,22024,2026-05-25,2026-05-30,published_full,yNgIuLDqSOrXnm,2026-09-17_page005.html
play,Zuther Hautmann,Germany,www.z-h.de,23352,2026-05-19,2026-05-24,published_full,Xs2yUnKYW9lmuQ,2026-09-17_page005.html
play,DURAND-WAYLAND,United States,www.durand-wayland.com,24094,2026-05-12,2026-05-16,published_full,Ipm36iwtaR4i3,2026-09-17_page005.html
play,Ashcroft Homes,Canada,www.ashcrofthomes.ca,23616,2026-05-12,2026-05-16,published_full,Ul7KzLlrhp3eZH,2026-09-17_page005.html
play,IWC Food Service,United States,www.goiwc.com,23461,2026-05-12,2026-05-16,published_full,mO68uyYiVHCLm6,2026-09-17_page005.html
play,ACC Construction,United States,www.acc-construction.com,23626,2026-05-12,2026-05-16,published_full,djo40QO6tB9yW0,2026-09-17_page005.html
play,Northern Mechanical Contractors,United States,www.northernmc.com,23542,2026-05-12,2026-05-16,published_full,rHr0BK7KvvfJe,2026-09-17_page006.html
play,Town Car International,United States,www.towncarinternational.com,23410,2026-05-12,2026-05-16,published_full,PSNBHW6XRmsOp,2026-09-17_page006.html
play,Infoworld Membership Systems,United States,www.imsmars.com,23501,2026-05-12,2026-05-16,published_full,3mXXKlsEeP9iHV,2026-09-17_page006.html
play,EMA Engineering & Consulting,United States,www.emaengineer.com,23312,2026-05-07,2026-05-13,published_full,1yuhgKRJcJbGL,2026-09-17_page006.html
play,Accessoires Outillage Ltee,Canada,www.aolaml.com,23221,2026-05-07,2026-05-13,published_full,tiJwhx4xlWJAiK,2026-09-17_page006.html
play,K & E Distributing,United States,www.kedistributing.com,23223,2026-05-07,2026-05-13,published_full,B22Eg0ShUrqi9h,2026-09-17_page006.html
play,Sokolin,United States,www.sokolin.com,30138,2026-04-04,2026-04-08,published,zJxLV3CFob7Brz,2026-09-17_page006.html
play,Barnes Solicitors LLP,United Kingdom,www.barnessolicitors.co.uk,29970,2026-04-04,2026-04-08,published,5ZUCDVzPU8qVr,2026-09-17_page006.html
play,Witt UK Group,United Kingdom,www.wittukgroup.co.uk,30994,2026-03-30,2026-04-02,published,y5oe2Y9Yn7bIFt,2026-09-17_page006.html
play,Valley Plating Inc,United States,www.valleyplatinginc.com,31032,2026-03-30,2026-04-02,published,V1n37fkq9z2rbS,2026-09-17_page006.html
play,Dock Pros,United States,www.dockprosinc.com,30972,2026-03-30,2026-04-02,published,wrKXZ75K82Ttzv,2026-09-17_page006.html
play,Kivells,United Kingdom,www.kivells.com,30962,2026-03-30,2026-04-04,published,wnaJDXVyta4hFQ,2026-09-17_page006.html
play,Specflue,United Kingdom,www.specflue.com,30992,2026-03-30,2026-04-02,published,NoRE2RKzGnrjjQ,2026-09-17_page007.html
play,Weber Kracht & Chellew,United States,www.wkclaw.net,30978,2026-03-30,2026-04-02,published,VHwe3sIuGkpFgQ,2026-09-17_page007.html
play,Lucky Look,Germany,www.lucky-look-media.de,31083,2026-03-30,2026-04-02,published,p5rIF3Z3WgfDi,2026-09-17_page007.html
play,Colorado Construction,United Kingdom,www.colorado-group.com,31009,2026-03-30,2026-04-02,published,x8oEYOyl9ZvUUS,2026-09-17_page007.html
play,Brokk,Sweden,www.brokk.com,30835,2026-03-30,2026-04-02,published,5wDmikh7MPM4bA,2026-09-17_page007.html
play,TPIS Industrial Services,United States,www.teamtpis.com,31685,2026-03-26,2026-03-29,published_full,8vllI41DbaahMT,2026-09-17_page007.html
play,Window & Door Design Center of Florida,United States,www.wddcfl.com,31410,2026-03-24,2026-03-27,published_full,oBG897C16zFvDj,2026-09-17_page007.html
play,Block Engineering,United States,www.blockeng.com,31347,2026-03-24,2026-03-27,published_full,sDPb1TozpBJOdp,2026-09-17_page007.html
play,Capital Wholesale Drug,United States,www.capital-drug.com,31181,2026-03-24,2026-03-27,published_full,gBEXSajCsUYnQu,2026-09-17_page007.html
play,Ascent Asset Group,United States,www.ascentasset.com,31247,2026-03-24,2026-03-28,published,0YCDehYPJABm1Q,2026-09-17_page007.html
play,All Real Estate Title Solutions,United States,www.aretsifl.com,31206,2026-03-24,2026-03-28,published_full,k5pR5wjvyoGVJ,2026-09-17_page007.html
play,Smoker's Choice,United States,www.smokerschoiceusa.com,31156,2026-03-24,2026-03-28,published_full,86wlFxQZnivruj,2026-09-17_page007.html
play,Gsolutionz,United States,www.gsolutionz.com,32832,2026-03-17,2026-03-21,published_full,P5ghPXbkZqWBFb,2026-09-17_page008.html
play,Knight's Site Services,United States,www.knightsservices.com,32713,2026-03-17,2026-03-21,published_full,ojkgcviE58B9hn,2026-09-17_page008.html
play,Executive Aviation,United States,www.executive-aviation.com,33061,2026-03-15,2026-03-19,published_full,UbiQY3El2hyhzj,2026-09-17_page008.html
play,Eagle Industrial Equipment,United States,www.eagleie.com,33709,2026-03-12,2026-03-16,published_full,SzO86TqtNcQJi2,2026-09-17_page008.html
play,Circle Floors,United States,www.circlefloors.com,33561,2026-03-12,2026-03-16,published_full,Sg23aBosY1RHmn,2026-09-17_page008.html
play,Southern Concrete Construction,United States,www.southern-concrete.com,34359,2026-03-08,2026-03-10,published_full,lv3qyA69HxNXGW,2026-09-17_page008.html
play,Facilities USA,United States,www.facilitiesusa.com,34316,2026-03-08,2026-03-12,published_full,Hj2OEYo7G2KB,2026-09-17_page008.html
play,Helen Kaminski,United States,www.helenkaminski.com,34179,2026-03-08,2026-03-12,published_full,WH9xeptEBqPtto,2026-09-17_page008.html
play,Serrano Industries,United States,www.serrano-ind.com,34273,2026-03-08,2026-03-12,published_full,NDL90oWLR6HAER,2026-09-17_page008.html
play,Infinity Systems,United States,www.infinity-tx.com,34271,2026-03-08,2026-03-12,published_full,GuYZipBxL6uLXa,2026-09-17_page008.html
play,Garland Williams & Associates,United States,www.garlandwilliamscpa.com,34613,2026-03-06,2026-03-09,published_full,5AizpEry3cHwPX,2026-09-17_page008.html
play,DFW Aero Mechanix,United States,www.dfwaero.com,34624,2026-03-06,2026-03-09,published_full,VOUsVjOQTGOOS,2026-09-17_page008.html
play,Select Tool,Canada,www.selecttool.com,34424,2026-03-06,2026-03-09,published_full,EiqIqtwLJKHxVG,2026-09-17_page009.html
play,Design To Print,United States,www.designtoprint.com,34182,2026-03-06,2026-03-09,published,qkfztvmjkLedjg,2026-09-17_page009.html
play,Don E Bower,United States,www.donebowerinc.com,34116,2026-03-06,2026-03-09,published_full,SBNsa7PSlMd9kJ,2026-09-17_page009.html
play,T a Solberg,United States,www.tasolberg.com,34133,2026-03-06,2026-03-10,published_full,1plJRgJtcSdsIy,2026-09-17_page009.html
play,GapVax,United States,www.gapvax.com,34616,2026-03-03,2026-03-07,published_full,bxG4jSz0TzfgUv,2026-09-17_page009.html
play,Favaro Lavezzo Gill Caretti,United States,www.flgch.com,34912,2026-03-02,2026-03-06,published_full,7TBimCgidUuAww,2026-09-17_page009.html
play,WCC Technologies Group,United States,www.wcctechgroup.com,34710,2026-03-02,2026-03-06,published_full,jm47mNKnWblGg,2026-09-17_page009.html
play,Go Professional Cases,United States,www.goprofessionalcases.com,34688,2026-03-02,2026-03-06,published_full,DQtZWs5LgurnKL,2026-09-17_page009.html
play,Project Consulting Services,United States,www.projectconsulting.com,34510,2026-03-02,2026-03-06,published_full,uiH8YUlv4Cfu06,2026-09-17_page009.html
play,Cobblestone Creek Country Club,United States,www.cobblestonecreekcc.com,34499,2026-03-02,2026-03-06,published_full,2b6sdrwgOklQkn,2026-09-17_page009.html
play,LRA Constructors,United States,www.lraconstructors.com,34471,2026-03-02,2026-03-06,published_full,GWHc5jXRjaQ2Xo,2026-09-17_page009.html
play,The Kuker Group,United States,www.ohklegal.com,34553,2026-03-02,2026-03-07,published_full,iBFJv1izaj7Avy,2026-09-17_page009.html
play,Gordon/Clifford Realty,United States,www.gordoncliffordmanagement.com,34421,2026-03-02,2026-03-06,published_full,iQUQb0YLpHZ0Y,2026-09-17_page010.html
play,Integrity Building,United States,www.ibcaz.com,35253,2026-02-26,2026-03-02,published_full,QaId7439obiBCB,2026-09-17_page010.html
play,BT Services,United States,www.btrefservices.com,35122,2026-02-26,2026-03-02,published_full,5nk71qKJKPXFyG,2026-09-17_page010.html
play,Landmark Rehab Group,United States,www.landmarkrehabgroup.com,35092,2026-02-26,2026-03-02,published_full,HaVGVaqX5dJbd9,2026-09-17_page010.html
play,Chemical Computing Group,Canada,www.chemcomp.com,35852,2026-02-22,2026-02-26,published,JUfVegr1nzOTsW,2026-09-17_page010.html
play,Gulfstream Services,United States,www.gulfstreamservices.com,35678,2026-02-22,2026-02-26,published_full,1zqA2b3DxD1TJD,2026-09-17_page010.html
play,Hendrick Construction,United States,www.hendrickconstruction.com,35606,2026-02-22,2026-02-26,published_full,RErMLzrU7k4Ts,2026-09-17_page010.html
play,Faulkner+Locke,United States,www.faulknerlocke.com,35673,2026-02-22,2026-02-26,published_full,MJg5hr42XFnNT8,2026-09-17_page010.html
play,Atlantic Design Engineers,United States,www.atlanticcompanies.com,35643,2026-02-22,2026-02-26,published_full,tSZDGQpdEnVabb,2026-09-17_page010.html
play,Spring Brook Country Club,United States,www.springbrookcc.net,36188,2026-02-19,2026-02-25,published_full,dCcz8cvUMk2Aeq,2026-09-17_page010.html
play,Auto Auction of New England,United States,www.aane.com,36072,2026-02-19,2026-02-23,published_full,PbgsTRnIRyCVkS,2026-09-17_page010.html
play,Oklahoma Auto Exchange,United States,www.okaex.com,36109,2026-02-19,2026-02-23,published_full,F7P163hKBbMUgV,2026-09-17_page010.html
play,Indianapolis Car Exchange,United States,www.icefriday.com,35917,2026-02-19,2026-02-23,published_full,qaWotLRc7hIPvW,2026-09-17_page011.html
play,Arizona Lighting Sales,United States,www.arizonalightingsales.com,35858,2026-02-19,2026-02-23,published_full,frVxR5SypRKAAx,2026-09-17_page011.html
play,Tropic Tool & Mold,United States,www.tropictoolandmold.com,35609,2026-02-19,2026-02-23,published_full,Fn6oNkCblhOYjZ,2026-09-17_page011.html
play,Kirbor Homes,United States,www.kirbor.com,35498,2026-02-19,2026-02-23,published_full,okLYr7hft0geus,2026-09-17_page011.html
play,Paisley Products of Canada,Canada,www.paisley.ca,35305,2026-02-19,2026-02-23,published_full,sE4SQmT1cBR1Ms,2026-09-17_page011.html
play,Sika Technology,New Zealand,www.sikatech.co.nz,34897,2026-02-19,2026-02-23,published_full,40ITRO4EGChZPm,2026-09-17_page011.html
play,Branagh,United States,www.branaghinc.com,35634,2026-02-15,2026-02-20,published_full,FdVLuqypemijl,2026-09-17_page011.html
play,Lusamerica Foods,United States,www.lusamerica.com,36042,2026-02-13,2026-02-18,published_full,1H48bCDU9lSXDw,2026-09-17_page011.html
play,HMA,United States,www.hmapr.com,36053,2026-02-13,2026-02-17,published_full,jtgVeNlPz2Nq8n,2026-09-17_page011.html
play,Unified Engineering,Canada,www.unifiedengineering.com,35901,2026-02-13,2026-02-17,published_full,xTOz4YQi6I13hk,2026-09-17_page011.html
play,UCG Associates,United States,www.ucgassociates.com,35839,2026-02-13,2026-02-17,published_full,yJURcaf1zScW0b,2026-09-17_page011.html
play,Heartland Title Services,United States,www.heartlandtitleco.com,35844,2026-02-13,2026-02-17,published_full,1OBGhz9sXDjG9V,2026-09-17_page011.html
play,Makivik,Canada,www.makivik.org,36197,2026-02-11,2026-02-18,published_full,pbFPuoBl53Wsce,2026-09-17_page012.html
play,Catalanatto & Barnes,United States,www.bscatcpa.com,36063,2026-02-11,2026-02-15,published_full,efRcIVtOSXhKb7,2026-09-17_page012.html
play,Milwaukee Forge,United States,www.milwaukeeforge.com,36143,2026-02-10,2026-02-14,published_full,Y4ASDAzRSBIwi,2026-09-17_page012.html
play,KaiserAir,United States,www.kaiserair.com,36627,2026-02-07,2026-02-11,published_full,WcDTUEyVo87FDG,2026-09-17_page012.html
play,RAL Companies,United States,www.ralcompanies.com,36664,2026-02-07,2026-02-11,published_full,TCqd7woIJtILIe,2026-09-17_page012.html
play,Bloom's Bus Lines,United States,www.bloombus.com,36437,2026-02-07,2026-02-11,published_full,GfxYnuRVCNRqbI,2026-09-17_page012.html
play,Ilderton Contracting,United States,www.ildertoncontracting.com,36401,2026-02-07,2026-02-11,published_full,JueV9vUGtOxq0,2026-09-17_page012.html
play,ESS Metron,United States,www.essmetron.com,36429,2026-02-07,2026-02-11,published_full,XqdIZbK7y4lt3,2026-09-17_page012.html
play,De Gruyter Brill,United States,www.degruyterbrill.com,36342,2026-02-07,2026-02-11,published_full,mdFr5QAlE1NKl,2026-09-17_page012.html
play,Carlton Scale,United States,www.carltonscale.com,36292,2026-02-07,2026-02-11,published_full,lGjUGc5lHXQeD,2026-09-17_page012.html
play,Woodfield,United States,www.woodfieldinc.com,36839,2026-02-04,2026-02-08,published_full,QrCQ8NKAycf5nR,2026-09-17_page012.html
play,CBH Homes,United States,www.cbhhomes.com,36718,2026-02-04,2026-02-08,published_full,vfXFCBqSe2Y4D,2026-09-17_page012.html
play,Deatak,United States,www.deatak.com,37410,2026-02-01,2026-02-05,published,MTsLYVIkuSlCAS,2026-09-17_page013.html
play,NAI Plotkin,United States,www.sdplotkin.com,37364,2026-01-31,2026-02-04,published_full,Pi6eTRCs0flqzv,2026-09-17_page013.html
play,Bar S Services,United States,www.barsinc.net,37262,2026-01-31,2026-02-04,published_full,D4CfsdWAXpbKY0,2026-09-17_page013.html
play,Christine London,United States,www.christinelondonltd.com,38294,2026-01-26,2026-01-30,published_full,OaIyQ4sDq3WkAj,2026-09-17_page013.html
play,Aquatic Control,United States,www.aquaticcontrol.com,38195,2026-01-26,2026-01-30,published_full,xuo5DJHOJgENnA,2026-09-17_page013.html
play,ALLMAX,Canada,www.allmaxnutrition.com,38038,2026-01-26,2026-01-30,published_full,oReNOP4jeuqlYR,2026-09-17_page013.html
play,F&B Mfg,United States,www.fbmfg.com,38021,2026-01-26,2026-01-31,published_full,YRXvAREh8yDLPv,2026-09-17_page013.html
play,Encore Roofing,United States,www.encoreroofing.com,38539,2026-01-23,2026-01-27,published_full,zs6nm1GKbtBBBL,2026-09-17_page013.html
play,California Tax Data,United States,www.californiataxdata.com,38537,2026-01-22,2026-01-27,published_full,8RB76PhPYU3A24,2026-09-17_page013.html
play,Cemtech,United States,www.cemtech-corp.com,38400,2026-01-21,2026-01-26,published_full,psRTkNPI65dlFL,2026-09-17_page013.html
play,CE Electronics,United States,www.ceelectronics.com,38290,2026-01-21,2026-01-26,published_full,UVAYMz9FERCJCP,2026-09-17_page013.html
play,Eastern Ice,United States,www.easternice.net,38674,2026-01-20,2026-01-25,published_full,9TUQ8S9lFX31Vv,2026-09-17_page013.html
play,Denny's 5th Avenue Bakery,United States,www.dennysbakery.com,40379,2026-01-10,2026-01-14,published_full,ONV7nNt6v0kpUN,2026-09-17_page014.html
play,Launie & Marino,United States,www.launiemarino.com,40262,2026-01-10,2026-01-14,published_full,mWNBn9aMyuJqYY,2026-09-17_page014.html
play,Due Doyle Fanning,United States,www.duedoyle.com,41026,2026-01-06,2026-01-11,published_full,7GOHoji9Atu0oV,2026-09-17_page014.html
play,Autohaus Pichel GmbH,Germany,www.auto-pichel.de,40969,2026-01-06,2026-01-11,published_full,qSJ04Ghum8JXNo,2026-09-17_page014.html
play,Benise-Dowling & Associates,United States,www.benise-dowling.com,41326,2026-01-02,2026-01-07,published_full,sL5zMN7JGAyWd1,2026-09-17_page014.html
play,Lakeside Title Company,United States,www.lakesidetitle.com,40739,2026-01-02,2026-01-07,published_full,Y2LkWCcdCcQpTs,2026-09-17_page014.html
play,Infinite Computing Systems,United States,www.infinite-usa.com,41365,2025-12-31,2026-01-05,published_full,3JhxiXt5hzc4KY,2026-09-17_page014.html
play,C&r Electric,United States,www.candrelec.com,41619,2025-12-29,2026-01-03,published_full,Q8iXGWzD6MyJ31,2026-09-17_page014.html
play,JZ Russell Industries,United States,www.jzrussellind.com,41470,2025-12-29,2026-01-03,published,WhbluuFPm9OYds,2026-09-17_page014.html
play,Esquire Brands,United States,www.esquirebrands.com,41327,2025-12-29,2026-01-03,published_full,Q23xWAmU4J8d2t,2026-09-17_page014.html
play,Genoa Lakes,United States,www.genoalakes.com,41105,2025-12-29,2026-01-03,published_full,24WK1yFdiLV7ZL,2026-09-17_page014.html
play,Fairgrove Oil,United States,www.fairgroveoil.com,43371,2025-12-16,2025-12-20,published,rOH9oohwbkN2V,2026-09-17_page014.html
play,Allure Home Creation,United States,www.allurehome.com,43287,2025-12-16,2025-12-20,published_full,64e3ZPGBWJUTy7,2026-09-17_page015.html
play,Eastman Cooke,United States,www.eastmancooke.com,43922,2025-12-13,2025-12-17,published_full,OrH11WbYbRcPNd,2026-09-17_page015.html
play,Choates HVAC,United States,www.choateshvac.com,43907,2025-12-13,2025-12-17,published_full,nDxM4bfecg1kht,2026-09-17_page015.html
play,Jabezco Industrial Group,United States,www.jabezco.com,43746,2025-12-13,2025-12-17,published_full,3M6JyDJunIl3P,2026-09-17_page015.html
play,Aspen Distribution,Canada,www.aspendistribution.com,46004,2025-12-01,2025-12-04,published_full,GZ6k0ZFNoTHiah,2026-09-17_page015.html
play,Hall Aluminum Products,United States,www.hallaluminum.com,46043,2025-12-01,2025-12-04,published_full,ufU6FnhKV2CF57,2026-09-17_page015.html
play,Clark & Sullivan Constructors,United States,www.clarksullivan.com,45874,2025-12-01,2025-12-04,published_full,TTcEKQcSigWO0b,2026-09-17_page015.html
play,ADC Aerospace,United States,www.adc-aerospace.com,46551,2025-11-26,2025-11-29,published_full,Xo1cL1sxdAZYJV,2026-09-17_page015.html
play,Keystone Fabricating,United States,www.keystonefabricating.com,47104,2025-11-22,2025-11-26,published_full,9gMiZvsACN2GES,2026-09-17_page015.html
play,Katch Kan,Canada,www.katchkan.com,47071,2025-11-22,2025-11-26,published_full,cW520Nu0gJwgn,2026-09-17_page015.html
play,Highmark Companies,United States,www.highmarkcos.com,47445,2025-11-20,2025-11-23,published_full,FHHE0D0V0HmRr,2026-09-17_page015.html
play,N C Machinery,United States,www.ncmachinery.com,47480,2025-11-20,2025-11-23,published_full,103QtVLOD5mCkE,2026-09-17_page015.html
play,Artesian Insurance,Canada,www.artesianinsurance.ca,46958,2025-11-20,2025-11-23,published,tybUailmnHlGiR,2026-09-17_page016.html
play,Applied Energy Systems,United States,www.appliedenergysystems.com,46852,2025-11-20,2025-11-24,published_full,zq2aUtkTjeoVrL,2026-09-17_page016.html
play,BK Precision,United States,www.bkprecision.com,48022,2025-11-14,2025-11-17,published_full,XI9YzfyuaBDKlC,2026-09-17_page016.html
play,Land Title Guaranty,United States,www.landtitleweb.com,48470,2025-11-10,2025-11-13,published_full,L4wM1CDX0I6hyS,2026-09-17_page016.html
play,Darvin Furniture,United States,www.darvin.com,48467,2025-11-10,2025-11-13,published_full,HWGrjd61QVH2Ky,2026-09-17_page016.html
play,Kwik Mix Materials,Canada,www.kwikmix.com,48275,2025-11-10,2025-11-14,published_full,0Gc1LIiBepSjA,2026-09-17_page016.html
play,Jean-Georges,United States,www.jean-georges.com,48296,2025-11-10,2025-11-14,published_full,4cf8V4luKMLWsu,2026-09-17_page016.html
play,Garvin Promotion Group,United States,www.garvinpromo.com,48184,2025-11-10,2025-11-14,published_full,c495I0HniypHuV,2026-09-17_page016.html
play,American PowerNet,United States,www.americanpowernet.com,49292,2025-11-04,2025-11-07,published_full,ovfyzuoBhjRHXy,2026-09-17_page016.html
play,ConvExx,United States,www.convexx.com,49376,2025-11-04,2025-11-07,published_full,xdICsTdoJttSrR,2026-09-17_page016.html
play,Irwin Car,United States,www.irwincar.com,49474,2025-11-03,2025-11-07,published_full,iV8hnc13PW38Qt,2026-09-17_page016.html
play,Encore Repair Services,United States,www.encorerepair.com,49619,2025-11-01,2025-11-05,published_full,7ob91on6oatTlQ,2026-09-17_page016.html
play,Furniture Plus,The Bahamas,www.furnitureplus.com,50077,2025-10-28,2025-10-31,published,DTWf917psq33q,2026-09-17_page017.html
play,Kitchen Design Concepts,United States,www.kitchendesignconcepts.com,50196,2025-10-28,2025-10-31,published_full,q83D2APplnNeV9,2026-09-17_page017.html
play,Aphase II,United States,www.aphaseii.com,49909,2025-10-28,2025-10-31,published_full,gz4yK0IHDt7fPx,2026-09-17_page017.html
play,Fast Freight,Canada,www.fastfreightinc.com,49753,2025-10-28,2025-10-31,published_full,sQNI0eyvobEgZy,2026-09-17_page017.html
play,Evogence,United States,www.evogence.com,49646,2025-10-28,2025-11-01,published_full,VihjR1Jxhw3noh,2026-09-17_page017.html
play,LaBonne,United States,www.labonnes.com,50064,2025-10-26,2025-10-29,published_full,AvkLqYqjo5pqqS,2026-09-17_page017.html
play,BMP Worldwide,United States,www.bmpworldwide.com/,52024,2025-10-16,2025-10-19,published_full,UPPF26N9Fjq8,2026-09-17_page017.html
play,Koch & White Heating & Cooling,United States,www.koch-white.com,52227,2025-10-15,2025-10-19,published_full,WabYYrJFq9f0Wz,2026-09-17_page017.html
play,Legacy Manufacturing,United States,www.legacymfg.com,52097,2025-10-15,2025-10-19,published_full,cWHEH5P1wW0BAB,2026-09-17_page017.html
play,Cellucap Manufacturing,United States,www.cellucap.com,52104,2025-10-15,2025-10-19,published_full,6ZmWhCSNmHLvhx,2026-09-17_page017.html
play,Cottage,United States,www.cottagecorp.com,51644,2025-10-15,2025-10-19,published_full,U5GnJ7BFvO7fy,2026-09-17_page017.html
play,Dataforth,United States,www.dataforth.com,53783,2025-10-06,2025-10-09,published_full,M1NxKDIdX0AhUz,2026-09-17_page017.html
play,AES Clean Technology,United States,www.aesclean.com,53751,2025-10-06,2025-10-09,published_full,YN8dDrGDYBCEii,2026-09-17_page018.html
play,Komar Industries,United States,www.komarindustries.com,54706,2025-09-30,2025-10-03,published_full,EXuwcjVkrT3UT8,2026-09-17_page018.html
play,Atlas Pressed Metals,United States,www.atlaspressedmetals.com,55201,2025-09-27,2025-10-01,published_full,X252JK5tScZ0XY,2026-09-17_page018.html
play,Earthadelic,United States,www.earthadelic.com,55234,2025-09-27,2025-10-02,published_full,13w2vENVDrwFZ,2026-09-17_page018.html
play,Amelia Overhead Doors,United States,www.ameliadoor.com,55131,2025-09-27,2025-10-02,published_full,X82O7MAtkwUeK2,2026-09-17_page018.html
play,Combined Services HVAC,United States,www.combinedserviceshvac.com,55659,2025-09-22,2025-09-25,published_full,TWLK7ZPm3DRHEi,2026-09-17_page018.html
play,GrammaTech,United States,www.grammatech.com,55066,2025-09-22,2025-09-26,published_full,W92IwPwt1C5Z2K,2026-09-17_page018.html
play,DHM Properties,United States,www.dawnhomes.com,54926,2025-09-22,2025-09-26,published_full,33nKxdnA5z4VJM,2026-09-17_page018.html
play,Thomas Safran & Associates,United States,www.tsahousing.com,55940,2025-09-17,2025-09-23,published_full,pky3LrkLkUWt5G,2026-09-17_page018.html
play,Crestone Group,United States,www.crestone-group.com,56198,2025-09-15,2025-09-19,published_full,Mjvt9V6Um0UEt1,2026-09-17_page018.html
play,RFI,United States,www.rfiingredients.com,56318,2025-09-15,2025-09-19,published_full,chC7XBYeakV8rM,2026-09-17_page018.html
play,General Control Systems,United States,www.generalcontrolsystems.com,56277,2025-09-15,2025-09-19,published_full,J7s7OJcVfiuoCq,2026-09-17_page018.html
play,Garrison Architects,United States,www.garrisonarch.com,56067,2025-09-15,2025-09-19,published_full,8XpKPAfQOpA6ch,2026-09-17_page019.html
play,Energenecs,United States,www.energenecs.com,55981,2025-09-15,2025-09-19,published_full,KPrVQcTc6VQHS6,2026-09-17_page019.html
play,Lake Book Manufacturing,United States,www.lakebook.com,55906,2025-09-15,2025-09-19,published_full,YjSN5bPOrRkn0d,2026-09-17_page019.html
play,GDZ Computer Services,United States,www.gdz.com,56729,2025-09-10,2025-09-13,published_full,O8IfY5X3oTi2D6,2026-09-17_page019.html
play,Celtic Engineering,United States,www.celticengineering.com,56822,2025-09-10,2025-09-13,published_full,pG0xPnSfO6KGEK,2026-09-17_page019.html
play,Anderson Aluminum,United States,www.andersoncompanies.com,56687,2025-09-10,2025-09-14,published_full,aMQX2WIQMAV1dR,2026-09-17_page019.html
play,JIT Energy Services,United States,www.jitservicesinc.com,56736,2025-09-10,2025-09-14,published_full,yKKn7aPVCmUArO,2026-09-17_page019.html
play,Baum Precision Machining,United States,www.baumprecision.com,56505,2025-09-10,2025-09-14,published_full,GFSqjsToKwsJrv,2026-09-17_page019.html
play,BDE Computer Services,United States,www.bdecomputer.com,56628,2025-09-08,2025-09-11,published_full,lkeoEFBsXQsUhU,2026-09-17_page019.html
play,Energy Fishing,United States,www.energyfrs.com,56637,2025-09-08,2025-09-11,published_full,T6F8GF7zVyuMXK,2026-09-17_page019.html
play,All States Materials Group,United States,www.asmg.com,58263,2025-09-01,2025-09-05,published_full,kXBxyM44shpqhH,2026-09-17_page019.html
play,Juggernaut,United States,www.juggernautdesign.com,58201,2025-09-01,2025-09-05,published_full,ryJmablNGEFN0o,2026-09-17_page019.html
play,Edward J McKarski,United States,www.mckarski-law.com,58977,2025-08-26,2025-08-30,published_full,n5nxboQhRpdBob,2026-09-17_page020.html
play,Logan & Mencuccini,United States,www.torringtonlaw.com,59042,2025-08-26,2025-08-31,published_full,4oohI9OkMih4JT,2026-09-17_page020.html
play,Bluewater Yacht Sales,United States,www.bluewateryachtsales.com,61084,2025-08-11,2025-08-15,published_full,A5urdMiqmADWS9,2026-09-17_page020.html
play,Jamco Aerospace,United States,www.jamco-aerospace.com,61623,2025-08-06,2025-08-10,published_full,Ran6srpHRadkkf,2026-09-17_page020.html
play,Ka Logistics,United States,www.kalogistics.com,64508,2025-07-23,2025-07-27,published_full,vGYU45ttXXbWb9,2026-09-17_page020.html
play,IMSSA Manufacturing,United States,www.imssa1.com,66025,2025-07-16,2025-07-20,published_full,GQQQDFOMKIFM6,2026-09-17_page020.html
