row_id,group,victim,field,leak_site_value,suggested_value,source_url,source_name,notes
INC Ransom|697e08308f1d14b743358d63,INC Ransom,Hawk Law Group,country,GE,US,https://hawklawgroup.com/contact/visit-our-law-office-in-augusta-ga/,"Hawk Law Group - Visit our law office in Augusta, GA (338 Telfair St, Augusta, GA 30901)","Augusta, Georgia (US) personal injury firm; known_country 'GE' appears to be a Georgia-state mixup (should be US) - not changed. Breach coverage found only on threat-intel/aggregator blogs (BrightDefense could not be fetched, DeXpose/HookPhish auto-generated); data fields left blank. Employee count not found."
INC Ransom|6a8586419cd108bf2686ecf0,INC Ransom,CDGARVINLAW,industry,Education,Legal,https://lawyers.findlaw.com/new-jersey/wood-ridge/2060323_1/,"FindLaw - Christopher D. Garvin, Wood-Ridge NJ lawyer","Christopher D. Garvin, Esq., solo practice Wood-Ridge NJ. No website confirmed (cdgarvinlaw.com not found). No breach news beyond aggregator listings."
Qilin|ba2eef4a-5501-4c36-b9c5-3bcfa2d2bc9a,Qilin,Fluorsid Spa,industry,Professional Services,Manufacturing,https://www.aziende.it/fluorsid-s-p-a,"Aziende.it - Fluorsid S.p.a. (ATECO 20.13, manufacture of basic inorganic chemicals)","Fluorsid S.p.A., inorganic chemicals (fluorine derivatives) maker, Assemini, Sardinia. 2024 turnover EUR 170.03M from filed accounts, converted at ~1.08 USD/EUR (2024). Figures are for the SpA, not the wider group. Breach coverage only on DeXpose (auto-generated style); data fields blank."
Qilin|2cd44911-148e-4c9c-866a-017d2c123398,Qilin,Kopas Cosmetics,industry,Professional Services,Manufacturing,https://www.kopas.com/index.php/hakkimizda/,"Kopas Kozmetik - Hakkimizda (cosmetics producer, 24,000 m2 plant in Cerkezkoy)","Kopas Kozmetik, Istanbul HQ, plant in Cerkezkoy. Official page says 'over 500 employees' (not an exact figure; other sources say 350+), so employee_count left blank. No revenue figure or breach news found."
Qilin|4e83e92f-9bdd-4f12-907b-e98a783774fe,Qilin,G.M.A. GRANDI MARCHE AUTOMOBILI - S.R.L,industry,Professional Services,Automotive,https://atoka.io/public/it/azienda/gma-grandi-marche-automobili-srl/cdd2110ab752,Atoka - G.M.A. Grandi Marche Automobili Srl (wholesale and retail of cars and light vehicles),Novara car dealer (P.IVA 02108610037). Revenue EUR 7.0M (2024) converted at ~1.08 USD/EUR. No breach news found.
INC Ransom|69b1755f8f1d14b743fab8f6,INC Ransom,Kentucky Injury,industry,Healthcare,Legal,https://www.kentuckyinjury.com/,John Byrnes - Kentucky Injury,Louisville personal injury law practice of John W. Byrnes. No credible news report of this incident (2026) found; breach facts left blank.
INC Ransom|69f2821e8f1d14b743bc4e9a,INC Ransom,Iowa Spring Manufacturing & Sales,industry,Agriculture & Food,Manufacturing,https://www.iowaspring.com/,Iowa Spring - Home,"Adel IA, family-owned since 1977, 4 plants. Employees not found. No credible news report of this incident (2026) found; breach facts left blank."
INC Ransom|6a15bd2bd152110a6af5b33b,INC Ransom,Distrigaz Vest S.A.,industry,Retail & Wholesale,Energy & Utilities,https://www.distrigazvest.ro/,Distrigaz Vest SA - Home,"Natural gas distribution operator, Oradea. Employees not found. No credible news report of this incident (2026) found; breach facts left blank."
Qilin|4cfd9fb0-ff07-4ca2-956e-ae222c5136b7,Qilin,Enterprise Network Group of Indiana,industry,Manufacturing,Telecommunications,https://engofinllc.com/,Enterprise Network Group of Indiana - Home,"ENG of IN, LLC: telecom broker in St John and Granger, Indiana. No credible news report of this incident (2026) found; breach facts left blank."
Qilin|3dd2edca-3ce3-4245-97d4-79dd78b7347b,Qilin,Opera Comique,industry,Hospitality & Travel,Media & Entertainment,https://en.wikipedia.org/wiki/Op%C3%A9ra-Comique,Wikipedia - Opera-Comique,"Theatre national de l'Opera-Comique, Paris (official site opera-comique.com). No credible news report of this incident (2026) found; breach facts left blank."
Qilin|319f4978-5d69-49df-a821-e9debceb58af,Qilin,Famesa,industry,Professional Services,Manufacturing,https://www.famesaexplosivos.com/,Famesa Explosivos - Home,Peruvian explosives manufacturer (famesaexplosivos.com). Revenue/employees not found. No credible news report of this incident (2026) found; breach facts left blank.
Qilin|6693ceb2-7649-44c6-917b-c4d3e3d4d027,Qilin,Ceres Tolvas,industry,Professional Services,Agriculture & Food,https://cerestolvas.com.ar/,CeresTolvas - Home,"Agribusiness (grain storage, agronomy, John Deere dealerships). Revenue/employees not found. No credible news report of this incident (2026) found; breach facts left blank."
DragonForce|c25e70c7-e81c-4eb4-9783-fd2c3651c1e5,DragonForce,aotco.com,industry,Healthcare,Manufacturing,https://pitchbook.com/profiles/company/227617-39,PitchBook - AOTCO Metal Finishing,"HQ Billerica, MA. Figures from search snippets (pages not fetched); LeadIQ gives ~51 employees vs PitchBook 180, so low confidence. No breach news found."
INC Ransom|6a18dda1d152110a6a470e18,INC Ransom,belimed.com,country,US,CH,https://www.steelcobelimed.com/,"SteelcoBelimed - website (HQ Grienbachstrasse 11, Zug)","belimed.com redirects to steelcobelimed.com: makes cleaning/sterilization equipment for medical devices (Miele Group). Could also be classed Healthcare. The site says a 'criminal hacker group' breached Belimed Infection Control systems (1 June 2026) but does not name INC Ransom or give a size, so data_size_gb left blank."
Qilin|1cc28981-abdd-48ff-bca5-80562ae64756,Qilin,CST Coal,industry,Manufacturing,Mining & Materials,https://www.cstcoal.ca/,CST Coal - website,"Grande Cache, Alberta metallurgical coal mine operator (official site). No revenue/employee/breach info found."
Qilin|9330bbb4-f93a-4624-8ea7-7e846a2721bb,Qilin,SAAM Towage,industry,Professional Services,Transportation & Logistics,https://saamtowage.com/,SAAM Towage - website,"Country based on Chilean (+56 2) contact number on the site; SAAM is a Chilean group. 2,000 employees and 200 tugs across 12 countries per the site. No revenue or breach news found."
SafePay|/blog/post/maiadouropt/,SafePay,maiadouro.pt,industry,Agriculture & Food,Manufacturing,https://www.maiadouro.pt/,Gráfica Maiadouro - website,"maiadouro.pt is Gráfica Maiadouro, a printing company in Maia, Portugal (since 1960), not a Douro agriculture/wine firm. No revenue/employee/breach info found."
Qilin|3e247db1-d1e1-4e8a-a4db-8039e2c2a723,Qilin,Kontena Nasional Berhad,industry,Professional Services,Transportation & Logistics,https://www.kn.com.my/,"Kontena Nasional Berhad - homepage (logistics, haulage, warehousing, freight forwarding)","KNB, Petaling Jaya, Selangor. Revenue/employees not stated on site; search budget exhausted. known_industry 'Professional Services' looks wrong (see suspected_errors). Breach facts (data_size_gb/data_types) left blank: breach-news searches were blocked by the tool permission system and the session web-search budget was exhausted."
Qilin|5623ed73-31c7-4453-949a-1efcdc2ba929,Qilin,RC Collecting,industry,Automotive,Financial Services,https://rccollecting.com.ar/,RC Collecting - homepage (debt collection / contact centre for banks),"rccollecting.com redirects to rccollecting.com.ar. Site states 'more than 180 collaborators' (not an exact figure, so employee_count left blank). known_industry 'Automotive' appears wrong. Breach facts (data_size_gb/data_types) left blank: breach-news searches were blocked by the tool permission system and the session web-search budget was exhausted."
Qilin|d4384fb9-f35a-4aff-87a8-97cff99398f7,Qilin,BMTP,industry,Professional Services,Transportation & Logistics,https://www.bmtp.co.th/,"BMT Pacific Ltd - homepage (container terminal, warehousing, logistics)","BMTP = BMT Pacific, Samut Prakan, Thailand. Revenue/employees not stated. known_industry 'Professional Services' looks wrong. Breach facts (data_size_gb/data_types) left blank: breach-news searches were blocked by the tool permission system and the session web-search budget was exhausted."
Qilin|36ee3678-0869-4855-84d6-6c24da6b0595,Qilin,Medochemie,industry,Manufacturing,Pharmaceuticals & Biotech,https://en.wikipedia.org/wiki/Medochemie,Wikipedia - Medochemie (generic pharmaceutical company),Revenue and employee figures are dated (employees as of 2013; revenue year unspecified) - low confidence. Known industry 'Manufacturing' is arguably Pharmaceuticals & Biotech. Breach facts (data_size_gb/data_types) left blank: breach-news searches were blocked by the tool permission system and the session web-search budget was exhausted.
Qilin|0b334ebb-408d-4b05-ba69-806e10a05580,Qilin,The Frame Group,industry,Professional Services,Technology,https://www.framegroup.com.au/,"The Frame Group - homepage (technology lifecycle management, ICT infrastructure, security, managed services)","Offices in Sydney, Brisbane, Canberra, Melbourne. Staff count not stated. Breach facts (data_size_gb/data_types) left blank: breach-news searches were blocked by the tool permission system and the session web-search budget was exhausted."
Qilin|283a4d27-c413-4819-9937-3ea8ec6725c7,Qilin,ShopDunk,industry,Professional Services,Retail & Wholesale,https://shopdunk.com/,ShopDunk - homepage (authorized Apple reseller),Revenue/employees not found (search budget exhausted). Breach facts (data_size_gb/data_types) left blank: breach-news searches were blocked by the tool permission system and the session web-search budget was exhausted.
DragonForce|a9ebb66a-f484-4cd1-b33c-143cddb37dd6,DragonForce,North Central HIDTA,industry,Mining & Materials,Government,https://www.hidtaprogram.org/north_central.php,HIDTA Program - North Central HIDTA,"Government program (HIDTA, Minnesota/Wisconsin); no revenue/employee figures applicable/found. DeXpose confirms DragonForce claim but gives no data details."
DragonForce|f92435ee-e67b-4091-8940-e5eba4daf3f4,DragonForce,Astec Valves & Fittings Pvt,country,FR,IN,https://www.astecflow.com/,Astec - company website,"astecflow.com = Astec Valves & Fittings, Palghar, Maharashtra, India (since 1965). No revenue/employee figure found. Web search budget exhausted, breach news not searched."
DragonForce|f92435ee-e67b-4091-8940-e5eba4daf3f4,DragonForce,Astec Valves & Fittings Pvt,industry,Mining & Materials,Manufacturing,https://www.astecflow.com/,Astec - company website,"astecflow.com = Astec Valves & Fittings, Palghar, Maharashtra, India (since 1965). No revenue/employee figure found. Web search budget exhausted, breach news not searched."
Qilin|52d5c639-935d-4b4d-85ca-20c651d9c8be,Qilin,Mills Products,industry,Professional Services,Manufacturing,https://www.millsproducts.com/,Mills Products - company website,"HQ Athens, Tennessee; plants in TN and San Luis Potosi, Mexico. Web search budget exhausted mid-batch; breach news not searched, breach fields left blank."
Qilin|a9bf0d58-3647-4639-9619-21dbf58dd83c,Qilin,Dixie Beverage,industry,Energy & Utilities,Retail & Wholesale,https://dixiebeverage.com/,Dixie Beverage West - website,"dixiebeverage.com = Dixie Beverage West, Red Bull wholesale distributor (founded 1978); HQ location not shown, country left blank. Web search budget exhausted mid-batch; breach news not searched, breach fields left blank."
Qilin|c80be6d9-9f48-4983-8d7d-a66e4387bdac,Qilin,Contacto Garantido,industry,Financial Services,Professional Services,https://contactogarantido.com/,Contacto Garantido - website,"Latin American BPO/contact centre; website states ~1,820 multilingual operators and Argentina HQ. Web search budget exhausted mid-batch; breach news not searched, breach fields left blank."
Qilin|398be48d-63a4-4708-9788-1ff935ef6de5,Qilin,Semana,industry,Professional Services,Media & Entertainment,https://es.wikipedia.org/wiki/Semana_(revista_espa%C3%B1ola),Wikipedia (es) - Semana (revista espanola),"semana.es = Semana, Spanish weekly celebrity magazine (Madrid). No employee/revenue figure found. Web search budget exhausted mid-batch; breach news not searched, breach fields left blank."
Qilin|8124695c-39b4-49fa-9835-d01eb7aa9cbb,Qilin,AUM Construction,industry,Energy & Utilities,Construction,https://auminc.us/,AUM Inc. - website,"Traffic signalization/street lighting contractor, offices Hollywood and Jupiter FL. Web search budget exhausted mid-batch; breach news not searched, breach fields left blank."
SafePay|/blog/post/acsmallmaxwellcomau/,SafePay,acsmallmaxwell.com.au,industry,Financial Services,Professional Services,https://www.acsmallmaxwell.com.au/,AC Small Maxwell & Co - website,"Grafton NSW accounting practice; website lists 9 team members. Web search budget exhausted mid-batch; breach news not searched, breach fields left blank."
DragonForce|b6be8d66-388e-4cc3-8e6d-f18008ed955a,DragonForce,Lamont Pridmore,industry,Hospitality & Travel,Professional Services,https://www.lamontpridmore.co.uk/about-us/,Lamont Pridmore - About us,"Chartered accountants with 8 offices across Cumbria/Lancashire (official About page); LinkedIn 11-50 may understate headcount, hence low confidence. Known industry 'Hospitality & Travel' looks wrong - firm is an accountancy practice (Professional Services / Financial Services); not changed. No revenue; no breach news."
INC Ransom|6a46888b5ae71db30ca3fad9,INC Ransom,acworth-ga.gov,industry,Financial Services,Government,https://www.acworth-ga.gov/,City of Acworth - official site,"City of Acworth, Georgia (municipal government). No credible employee count found; no news with breach facts. Known industry 'Financial Services' looks wrong - it is a city government."
Qilin|68e0693a-eefb-4189-a5b4-4eb3a22a86d5,Qilin,Proleasing,industry,Professional Services,Financial Services,https://www.provincialeasing.com.ar/,Provincia Leasing - homepage,"Provincia Leasing S.A. (Banco Provincia group), Carlos Pellegrini 91, Buenos Aires - identity confirmed via site, but no employee/revenue figures found and no breach news. Known industry 'Professional Services' - actually a leasing (financial) company."
Qilin|e1bee1d5-f038-45f1-8c46-1da39c682223,Qilin,"Kennedy, McLaughlin & Associates",industry,Construction,Professional Services,https://kennmcl.com.au/,Kennedy McLaughlin - homepage,"kennedymclaughlin.com.au redirects to kennmcl.com.au: accounting/tax/advisory firm, Spring Hill QLD. No employee/revenue figures; no breach news. Known industry 'Construction' appears wrong."
SafePay|/blog/post/studioubertazziit/,SafePay,studioubertazzi.it,industry,Engineering & Architecture,Legal,https://studioubertazzi.it/,Studio Ubertazzi - homepage,"studioubertazzi.it is a Milan law firm (Studio legale) with offices in London, India and Poland, not an architecture/engineering firm. No employee/revenue figures; no breach news."
DragonForce|59b86793-648f-4822-8c06-61485a57ac1a,DragonForce,Road Ahead Technologies Consultant,industry,Healthcare,Technology,https://www.ratc.com.cn/,Road Ahead Technologies - official website,"Official site confirms Road Ahead Technologies (马路科技), ZEISS/GOM metrology distributor; no size data. Web search budget was exhausted mid-batch; breach facts could not be searched in 2026 news, so left blank."
Qilin|4bc23466-20b5-442b-938e-12efed228746,Qilin,Borough of State College,industry,Education,Government,https://www.statecollegepa.us/,State College Borough - official website,"Municipal government in Pennsylvania. Web search budget was exhausted mid-batch; breach facts could not be searched in 2026 news, so left blank."
Qilin|64c8fb6d-6919-4a8a-a0fc-ed1094fe30d0,Qilin,Lundeen Consulting,industry,Construction,Technology,https://www.lundeen-consulting.com/,Lundeen Consulting - official website,"Official site shows an IT/network services provider but gives no location; country left blank. Web search budget was exhausted mid-batch; breach facts could not be searched in 2026 news, so left blank."
Qilin|6dc203a9-ec65-4df7-9c50-b58f1a1d1d10,Qilin,Groupe Fenwick,industry,Professional Services,Manufacturing,https://www.fenwick.fr/,Groupe Fenwick - official website,"Official site gives no revenue or headcount. Web search budget was exhausted mid-batch; breach facts could not be searched in 2026 news, so left blank."
SafePay|/blog/post/ettpbe/,SafePay,ettp.be,industry,Professional Services,Automotive,https://www.ettp.be/,ETTP - official website,"European Truck Trailer Parts, Roeselare, Belgium; no size data. Web search budget was exhausted mid-batch; breach facts could not be searched in 2026 news, so left blank."
INC Ransom|6a4704745ae71db30cb3362a,INC Ransom,oakparkmi.gov,industry,Hospitality & Travel,Government,https://www.oakparkmi.gov/,"City of Oak Park, MI - official site","City of Oak Park, MI; city site shows no incident notice; employee count not found. Breach news not searched (session web-search budget exhausted; only WebFetch available), so breach fields left blank."
Qilin|234117e4-a04b-481d-94d4-a22c68d1c635,Qilin,Cahbo Produkter,industry,Construction,Manufacturing,https://www.cahbo.se/,Cahbo Produkter AB - official site,"Cahbo Produkter AB, Vallentuna, Sweden, sheet-metal workshop founded 1946. Revenue/employees not retrieved (Swedish registry aggregators blocked). Breach news not searched (session web-search budget exhausted; only WebFetch available), so breach fields left blank."
Qilin|8b23f095-b6b6-4ab4-9be8-07fa4cc59125,Qilin,Imex International,industry,Professional Services,Manufacturing,https://www.imexinter.com/,IMEX - official site,"IMEX: Thai manufacturer of glass/ceramic mosaic tiles (Bangkok phone number). Revenue/employees not found. Breach news not searched (session web-search budget exhausted; only WebFetch available), so breach fields left blank."
Qilin|26abaf2b-fb11-4a68-a1cb-1cd418b7e57b,Qilin,ALIZE (alize-sud.fr),industry,Professional Services,Construction,https://www.groupe-sirocco.com/,Groupe SIROCCO - official site,"alize-sud.fr redirects to groupe-sirocco.com: Alize is a subsidiary of Groupe SIROCCO (Six-Fours-les-Plages, Var) doing electrical installation, automated gates, EV charging. Revenue/employees not found. Breach news not searched (session web-search budget exhausted; only WebFetch available), so breach fields left blank."
Qilin|d8c30b26-e682-4a35-9f0b-ba5d89532a10,Qilin,MOSAID Technologies,industry,Financial Services,Technology,https://en.wikipedia.org/wiki/MOSAID,Wikipedia - MOSAID,"MOSAID: Ottawa-based patent licensing/IP management firm, owned by Sterling Partners. Only 2001 revenue/employee figures available, not used. Breach news not searched (session web-search budget exhausted; only WebFetch available), so breach fields left blank."
